id,first_name,last_name,email
1,Maddie,Daville,mdaville0@dailymail.co.uk
2,Carol-jean,Fairbrace,cfairbrace1@walmart.com
3,Greta,Drabble,gdrabble2@naver.com
4,Bette,Antonoyev,bantonoyev3@trellian.com
5,Kailey,Kenwrick,kkenwrick4@globo.com
6,Meara,Linne,mlinne5@yelp.com
7,Latia,Corgenvin,lcorgenvin6@umich.edu
8,Vanna,Northidge,vnorthidge7@uiuc.edu
9,Sashenka,Marquet,smarquet8@boston.com
10,Lowell,Danjoie,ldanjoie9@bandcamp.com
11,Sarene,Shills,sshillsa@moonfruit.com
12,Teodora,Kopfen,tkopfenb@gizmodo.com
13,Karen,Perkis,kperkisc@upenn.edu
14,Hadrian,Madgwich,hmadgwichd@histats.com
15,Gustavo,Giddins,ggiddinse@storify.com
16,Aldus,Bellworthy,abellworthyf@rambler.ru
17,Anstice,MacCaull,amaccaullg@amazonaws.com
18,Christie,Hovard,chovardh@twitpic.com
19,Piper,Paoletto,ppaolettoi@multiply.com
20,Ellwood,Tofpik,etofpikj@opensource.org
21,Lenee,Kieran,lkierank@ucoz.com
22,Hermann,Seres,hseresl@cbslocal.com
23,Bertrand,Greig,bgreigm@blogspot.com
24,Shelba,Hedden,sheddenn@myspace.com
25,Sullivan,Polglase,spolglaseo@canalblog.com
26,Elijah,Luton,elutonp@wikia.com
27,Abbye,Ubank,aubankq@engadget.com
28,Daloris,Cretney,dcretneyr@baidu.com
29,Man,Queyos,mqueyoss@theguardian.com
30,Rudolfo,Tregidgo,rtregidgot@eepurl.com
31,Veronique,Mengue,vmengueu@va.gov
32,Sibbie,Zuppa,szuppav@elegantthemes.com
33,Marcelia,Divall,mdivallw@harvard.edu
34,Gustavo,Le Monnier,glemonnierx@symantec.com
35,Stephan,Schubart,sschubarty@wired.com
36,Tabbi,Borley,tborleyz@pagesperso-orange.fr
37,Carr,Gaisford,cgaisford10@google.fr
38,Anabal,Fudger,afudger11@netlog.com
39,Gweneth,Goreisr,ggoreisr12@gnu.org
40,Imelda,Wimpeney,iwimpeney13@ucoz.com
41,Tarrah,Gounot,tgounot14@geocities.jp
42,Emmey,Ausher,eausher15@chronoengine.com
43,Ursulina,Davoren,udavoren16@businessweek.com
44,Dallis,Maidens,dmaidens17@discuz.net
45,Saree,Fliege,sfliege18@webs.com
46,Milty,Shrubshall,mshrubshall19@blogspot.com
47,Jacklyn,Versey,jversey1a@netscape.com
48,Rochella,Lindermann,rlindermann1b@barnesandnoble.com
49,Natalee,Gregori,ngregori1c@house.gov
50,Whitby,Kochlin,wkochlin1d@bigcartel.com
51,Graham,De Bruin,gdebruin1e@cbc.ca
52,Belva,Duchart,bduchart1f@a8.net
53,Mattheus,Otson,motson1g@netvibes.com
54,Hildegarde,Godly,hgodly1h@java.com
55,Amie,Sailor,asailor1i@nyu.edu
56,Maribelle,Domesday,mdomesday1j@storify.com
57,Mari,Cathie,mcathie1k@elpais.com
58,Freddy,Teese,fteese1l@mysql.com
59,Claire,Meni,cmeni1m@webs.com
60,Catlaina,McGow,cmcgow1n@vinaora.com
61,Celinda,Bernhardsson,cbernhardsson1o@dot.gov
62,Marvin,Odam,modam1p@mediafire.com
63,Lindy,Macia,lmacia1q@usatoday.com
64,Geneva,O'Riordan,goriordan1r@sphinn.com
65,Graehme,Ernke,gernke1s@stanford.edu
66,Randal,Cloake,rcloake1t@people.com.cn
67,Clay,Normington,cnormington1u@linkedin.com
68,Brett,Haughin,bhaughin1v@walmart.com
69,Augustin,Parriss,aparriss1w@umn.edu
70,Dacie,Gwynn,dgwynn1x@cdbaby.com
71,Beverie,Vanstone,bvanstone1y@imdb.com
72,Deck,Woollons,dwoollons1z@phpbb.com
73,Kaleena,Pakes,kpakes20@wp.com
74,Hirsch,Borgnol,hborgnol21@ehow.com
75,Julietta,Manchester,jmanchester22@wiley.com
76,Leroy,Adiscot,ladiscot23@edublogs.org
77,Kandy,Matzkaitis,kmatzkaitis24@a8.net
78,Darius,Jandl,djandl25@histats.com
79,Terrill,Totterdill,ttotterdill26@zdnet.com
80,Bendite,Sammon,bsammon27@twitpic.com
81,Albie,Loos,aloos28@miitbeian.gov.cn
82,Pet,Quan,pquan29@desdev.cn
83,Cooper,Koppes,ckoppes2a@usda.gov
84,Blair,MacKill,bmackill2b@over-blog.com
85,Bendite,Balcers,bbalcers2c@paginegialle.it
86,Silva,Trawin,strawin2d@purevolume.com
87,Clarke,Ellick,cellick2e@geocities.jp
88,Keen,Milkins,kmilkins2f@smh.com.au
89,Delmore,Meak,dmeak2g@linkedin.com
90,Brantley,Impy,bimpy2h@wufoo.com
91,Kasper,Sewell,ksewell2i@edublogs.org
92,Colan,Shurman,cshurman2j@washington.edu
93,Jerrold,Baswall,jbaswall2k@w3.org
94,Clair,Skirrow,cskirrow2l@quantcast.com
95,Jephthah,Poundford,jpoundford2m@msu.edu
96,Zachery,Howels,zhowels2n@yahoo.co.jp
97,Larry,Arents,larents2o@reference.com
98,Sophey,Coling,scoling2p@irs.gov
99,Levon,Crump,lcrump2q@amazon.de
100,Eugine,Shearmur,eshearmur2r@ezinearticles.com
101,Bryn,McKevin,bmckevin2s@nba.com
102,Claresta,Haynes,chaynes2t@sohu.com
103,Melva,Glaves,mglaves2u@1und1.de
104,Margery,Conner,mconner2v@biglobe.ne.jp
105,Veronique,McClory,vmcclory2w@army.mil
106,Annette,Chamberlayne,achamberlayne2x@people.com.cn
107,Denver,Muzzollo,dmuzzollo2y@bloglovin.com
108,Bari,Humblestone,bhumblestone2z@yahoo.co.jp
109,Susie,Mufford,smufford30@ibm.com
110,Jess,Coppard,jcoppard31@epa.gov
111,Dedra,Lowdiane,dlowdiane32@angelfire.com
112,Hendrika,Pippard,hpippard33@ycombinator.com
113,Alano,Clements,aclements34@artisteer.com
114,Karyl,Liddard,kliddard35@youtu.be
115,Whitman,Aitchison,waitchison36@tuttocitta.it
116,Shay,Fideler,sfideler37@parallels.com
117,Cordi,Glasman,cglasman38@baidu.com
118,Corinne,Fancet,cfancet39@feedburner.com
119,Angus,Masden,amasden3a@paypal.com
120,Inge,McMorland,imcmorland3b@list-manage.com
121,Cristi,Truelock,ctruelock3c@ed.gov
122,Marja,Lipsett,mlipsett3d@vinaora.com
123,Randal,Guerro,rguerro3e@yellowpages.com
124,Mirelle,Forth,mforth3f@ezinearticles.com
125,Maud,Duffil,mduffil3g@1688.com
126,Dewain,Craythorne,dcraythorne3h@github.com
127,Eada,Bote,ebote3i@wp.com
128,Delano,Easeman,deaseman3j@goo.ne.jp
129,Rebe,Guyver,rguyver3k@cafepress.com
130,Christian,Slany,cslany3l@freewebs.com
131,Del,Murrie,dmurrie3m@ucoz.ru
132,Rona,Limerick,rlimerick3n@wiley.com
133,Aldon,Tokell,atokell3o@youku.com
134,Sammie,Paiton,spaiton3p@china.com.cn
135,Lannie,McEntegart,lmcentegart3q@phoca.cz
136,Maryjo,Nappin,mnappin3r@accuweather.com
137,Mead,Goby,mgoby3s@businessweek.com
138,Isacco,Camock,icamock3t@weebly.com
139,Mariel,Wilton,mwilton3u@sohu.com
140,Timmi,Spurryer,tspurryer3v@ning.com
141,Derk,Quant,dquant3w@newsvine.com
142,Mar,Atherton,matherton3x@1688.com
143,Irena,Doll,idoll3y@state.gov
144,Lenee,Jancso,ljancso3z@flickr.com
145,Mair,Beltzner,mbeltzner40@howstuffworks.com
146,Garret,Latch,glatch41@networksolutions.com
147,Darwin,Lernihan,dlernihan42@shop-pro.jp
148,Arlin,Lambregts,alambregts43@ftc.gov
149,Orv,Shickle,oshickle44@blog.com
150,Elias,Bazell,ebazell45@tripadvisor.com
151,Fernando,Strowther,fstrowther46@disqus.com
152,Susi,Eaglestone,seaglestone47@myspace.com
153,Conney,Kinchlea,ckinchlea48@slate.com
154,Ketti,Bourley,kbourley49@devhub.com
155,Brandyn,Pease,bpease4a@hostgator.com
156,Aloysia,Pallasch,apallasch4b@sourceforge.net
157,Ky,MacClinton,kmacclinton4c@reference.com
158,Melonie,Barkess,mbarkess4d@flavors.me
159,Lester,Handman,lhandman4e@narod.ru
160,Nalani,Rawlcliffe,nrawlcliffe4f@tamu.edu
161,Annaliese,De la Perrelle,adelaperrelle4g@feedburner.com
162,Nedda,Ackhurst,nackhurst4h@theguardian.com
163,Godart,Raiman,graiman4i@cornell.edu
164,Isabelle,McQuilty,imcquilty4j@arstechnica.com
165,Jessamyn,Melvin,jmelvin4k@hhs.gov
166,Gearard,Jantel,gjantel4l@comcast.net
167,Estel,Kacheller,ekacheller4m@i2i.jp
168,Jeanine,Clemendot,jclemendot4n@csmonitor.com
169,Luella,Dalgety,ldalgety4o@cmu.edu
170,Darline,Bernhardi,dbernhardi4p@soup.io
171,Sidnee,Jira,sjira4q@taobao.com
172,Roshelle,Sydry,rsydry4r@cnn.com
173,Frederich,Belward,fbelward4s@ustream.tv
174,Bonnibelle,Elgar,belgar4t@businesswire.com
175,Gusti,Freckelton,gfreckelton4u@fotki.com
176,Dermot,Kenn,dkenn4v@shop-pro.jp
177,Noel,Darbishire,ndarbishire4w@webnode.com
178,Halie,Skeen,hskeen4x@netvibes.com
179,Andrey,Blacktin,ablacktin4y@a8.net
180,Dreddy,Desaur,ddesaur4z@mozilla.org
181,Desiri,Barkus,dbarkus50@state.gov
182,Sada,Stockford,sstockford51@tmall.com
183,Kerwin,Solano,ksolano52@theatlantic.com
184,Ethel,Posvner,eposvner53@ifeng.com
185,Gil,Bellew,gbellew54@nymag.com
186,Tadeas,Mulder,tmulder55@nydailynews.com
187,Cally,Riddett,criddett56@cornell.edu
188,Forester,Haster,fhaster57@wix.com
189,Lorraine,Coatham,lcoatham58@tripod.com
190,Joey,Purvess,jpurvess59@nymag.com
191,Howey,Horsfield,hhorsfield5a@google.com
192,Matelda,Martinuzzi,mmartinuzzi5b@plala.or.jp
193,Abigale,Townsend,atownsend5c@bizjournals.com
194,Gaylor,Bertolin,gbertolin5d@edublogs.org
195,Bunnie,Gascoine,bgascoine5e@networkadvertising.org
196,Cyndy,Iggulden,ciggulden5f@smugmug.com
197,Filmer,Spellacy,fspellacy5g@europa.eu
198,Zorah,Kynge,zkynge5h@npr.org
199,Penelope,Capron,pcapron5i@msn.com
200,Delia,Peasgood,dpeasgood5j@unesco.org
201,Rancell,O'Sherrin,rosherrin5k@opera.com
202,Freddi,Bilverstone,fbilverstone5l@tinypic.com
203,Janenna,Niese,jniese5m@pagesperso-orange.fr
204,Bale,Mauser,bmauser5n@dyndns.org
205,Tracy,Mattersley,tmattersley5o@wunderground.com
206,Deva,Palombi,dpalombi5p@auda.org.au
207,Spense,Coult,scoult5q@google.pl
208,Benedick,Mowles,bmowles5r@washingtonpost.com
209,Brandea,Urvoy,burvoy5s@paypal.com
210,Danni,Greatland,dgreatland5t@paypal.com
211,Karin,Jambrozek,kjambrozek5u@un.org
212,Nanni,Mc Gaughey,nmcgaughey5v@aol.com
213,Patin,Hulle,phulle5w@goo.gl
214,Dredi,Creeboe,dcreeboe5x@mail.ru
215,Selena,Bonny,sbonny5y@exblog.jp
216,Terese,Winterton,twinterton5z@netvibes.com
217,Ailis,Duffer,aduffer60@bbc.co.uk
218,Antonetta,Davids,adavids61@newyorker.com
219,Delphinia,Roussel,droussel62@google.com.br
220,Kaine,Mitchelmore,kmitchelmore63@fc2.com
221,Lizzy,Benitez,lbenitez64@wikia.com
222,Andris,Parlett,aparlett65@scientificamerican.com
223,Quinn,Levesley,qlevesley66@github.io
224,Sargent,Pestricke,spestricke67@fc2.com
225,Celinda,Romaint,cromaint68@nhs.uk
226,Danie,O' Mahony,domahony69@ucoz.com
227,Clara,Lyburn,clyburn6a@msu.edu
228,Benoite,Posse,bposse6b@virginia.edu
229,Dalenna,Rigate,drigate6c@amazon.com
230,Ginevra,Rooze,grooze6d@livejournal.com
231,Chick,Shaul,cshaul6e@scribd.com
232,Ranice,Crossgrove,rcrossgrove6f@oakley.com
233,Ray,Venus,rvenus6g@guardian.co.uk
234,Dew,Gammel,dgammel6h@github.io
235,Anny,Tanfield,atanfield6i@pinterest.com
236,Meier,Thuillier,mthuillier6j@scribd.com
237,Eula,Barlace,ebarlace6k@scribd.com
238,Kimbra,Atteridge,katteridge6l@sitemeter.com
239,Randal,Georger,rgeorger6m@joomla.org
240,Ab,Theriot,atheriot6n@nationalgeographic.com
241,Lesley,Manass,lmanass6o@artisteer.com
242,Suellen,Dowears,sdowears6p@vkontakte.ru
243,Bridgette,Althrope,balthrope6q@newsvine.com
244,Madelene,Hymas,mhymas6r@mayoclinic.com
245,Bertram,Couling,bcouling6s@macromedia.com
246,Loree,Cottam,lcottam6t@soundcloud.com
247,Job,Rowen,jrowen6u@i2i.jp
248,Kally,Dentith,kdentith6v@acquirethisname.com
249,Temp,Stelle,tstelle6w@diigo.com
250,Neysa,Bustard,nbustard6x@jigsy.com
251,Hakim,Mourant,hmourant6y@theguardian.com
252,Barbi,Treend,btreend6z@hp.com
253,Sax,Adam,sadam70@youku.com
254,Hewe,Honeywood,hhoneywood71@guardian.co.uk
255,Dylan,Dightham,ddightham72@forbes.com
256,Cordula,Debenham,cdebenham73@vimeo.com
257,Eddie,Tattersall,etattersall74@cmu.edu
258,Cymbre,Beardshall,cbeardshall75@auda.org.au
259,Cecilla,Siseland,csiseland76@bloomberg.com
260,Kevon,Allison,kallison77@is.gd
261,Vasily,Guillart,vguillart78@friendfeed.com
262,Anatole,Rubbert,arubbert79@histats.com
263,Margie,Brisse,mbrisse7a@washington.edu
264,Anestassia,Fassum,afassum7b@flavors.me
265,Lorilyn,Saunter,lsaunter7c@jugem.jp
266,Phelia,Klyner,pklyner7d@webnode.com
267,Lilla,Alenikov,lalenikov7e@photobucket.com
268,Rod,Bullman,rbullman7f@booking.com
269,Sari,Oxborough,soxborough7g@themeforest.net
270,Doralynn,Entwisle,dentwisle7h@forbes.com
271,Miles,Gothliff,mgothliff7i@addtoany.com
272,Stinky,MacCulloch,smacculloch7j@fotki.com
273,Celene,Leband,cleband7k@unblog.fr
274,Erminie,Yesinin,eyesinin7l@sciencedaily.com
275,Glenn,Gheerhaert,ggheerhaert7m@mail.ru
276,Rustin,Piscopiello,rpiscopiello7n@t.co
277,Ashli,Fookes,afookes7o@mozilla.com
278,Bessie,Rennels,brennels7p@unesco.org
279,Harriet,Jubb,hjubb7q@ibm.com
280,Bernie,Libbey,blibbey7r@reddit.com
281,Sadella,Dellenbach,sdellenbach7s@amazon.de
282,Conan,Schoenrock,cschoenrock7t@cnn.com
283,Yolanda,Linnemann,ylinnemann7u@upenn.edu
284,Heather,Egger,hegger7v@taobao.com
285,Alfonso,Arber,aarber7w@paypal.com
286,Quincy,Dauncey,qdauncey7x@huffingtonpost.com
287,Cynthie,Silverman,csilverman7y@alexa.com
288,Norina,Bulfoy,nbulfoy7z@examiner.com
289,Ashlie,Kleint,akleint80@nbcnews.com
290,Othella,Rentenbeck,orentenbeck81@wiley.com
291,Bailie,Rasmus,brasmus82@amazonaws.com
292,Brooke,Shankster,bshankster83@dell.com
293,Simon,Huffer,shuffer84@ihg.com
294,Letisha,Gutch,lgutch85@canalblog.com
295,Dacie,Chiese,dchiese86@howstuffworks.com
296,Antonia,Habershaw,ahabershaw87@ustream.tv
297,Thoma,Yakunin,tyakunin88@tiny.cc
298,Merrielle,Pendrick,mpendrick89@go.com
299,Riley,McBratney,rmcbratney8a@state.tx.us
300,Neilla,Leebetter,nleebetter8b@smugmug.com
301,Eldon,Mullinder,emullinder8c@xinhuanet.com
302,Lurette,Restieaux,lrestieaux8d@github.io
303,Minnaminnie,Waller-Bridge,mwallerbridge8e@altervista.org
304,Harv,Robbins,hrobbins8f@tinyurl.com
305,Kakalina,Blease,kblease8g@scientificamerican.com
306,Teador,Chessum,tchessum8h@statcounter.com
307,Mayor,Roughsedge,mroughsedge8i@tmall.com
308,Buffy,Hubbock,bhubbock8j@drupal.org
309,Emmet,Marqyes,emarqyes8k@youtu.be
310,Jimmy,Bourton,jbourton8l@tmall.com
311,Sylas,Reinbeck,sreinbeck8m@amazon.co.uk
312,Kerrie,Kidder,kkidder8n@home.pl
313,Bradford,Orr,borr8o@nyu.edu
314,Oren,Gidman,ogidman8p@discovery.com
315,Haleigh,Loveman,hloveman8q@mapquest.com
316,Addie,Orta,aorta8r@bravesites.com
317,Stirling,Malkie,smalkie8s@weibo.com
318,Lilyan,Manson,lmanson8t@typepad.com
319,Cameron,Dayer,cdayer8u@joomla.org
320,Marylinda,Rearden,mrearden8v@nationalgeographic.com
321,Junie,Myott,jmyott8w@instagram.com
322,Tomasine,Estick,testick8x@1und1.de
323,Bridgette,Popland,bpopland8y@gizmodo.com
324,Mollie,Piscopello,mpiscopello8z@booking.com
325,Feliks,Maxfield,fmaxfield90@apache.org
326,Marji,Kearn,mkearn91@issuu.com
327,Gayle,Kumaar,gkumaar92@mlb.com
328,Wang,Risbridger,wrisbridger93@vkontakte.ru
329,Sim,Matthews,smatthews94@hp.com
330,Mechelle,Crosthwaite,mcrosthwaite95@fda.gov
331,Dillie,Vasser,dvasser96@angelfire.com
332,Garvey,Meadmore,gmeadmore97@live.com
333,Karena,Lonergan,klonergan98@over-blog.com
334,Dwight,Dinesen,ddinesen99@unesco.org
335,Leland,Slocomb,lslocomb9a@networksolutions.com
336,Laverne,Letham,lletham9b@hugedomains.com
337,Lillian,Fletcher,lfletcher9c@blogger.com
338,Even,Willoughby,ewilloughby9d@salon.com
339,Elbertine,Rainsbury,erainsbury9e@epa.gov
340,Sunny,Pearmain,spearmain9f@infoseek.co.jp
341,Myrtle,Gossan,mgossan9g@jiathis.com
342,Sampson,Klimek,sklimek9h@zimbio.com
343,Saudra,Ronayne,sronayne9i@smugmug.com
344,Marilee,Gommey,mgommey9j@pen.io
345,Angelina,Laverty,alaverty9k@si.edu
346,Roi,Dannohl,rdannohl9l@si.edu
347,Rebbecca,Burdekin,rburdekin9m@wikia.com
348,Etheline,Jarred,ejarred9n@angelfire.com
349,Angil,Arnison,aarnison9o@aol.com
350,Agnola,Adolphine,aadolphine9p@bandcamp.com
351,Charley,Coleiro,ccoleiro9q@bizjournals.com
352,Karola,Curtiss,kcurtiss9r@google.fr
353,Pepi,Chatterton,pchatterton9s@ucla.edu
354,Gerda,Heady,gheady9t@xing.com
355,Clerc,Chevis,cchevis9u@nydailynews.com
356,Urson,Anders,uanders9v@chronoengine.com
357,Florida,Franiak,ffraniak9w@example.com
358,Minette,Mizen,mmizen9x@blinklist.com
359,Jeanie,Bortoletti,jbortoletti9y@arizona.edu
360,Christina,Burborough,cburborough9z@last.fm
361,Dilan,Badham,dbadhama0@mac.com
362,Adam,Peagrim,apeagrima1@delicious.com
363,Joyous,Ben,jbena2@mayoclinic.com
364,Gweneth,Westmoreland,gwestmorelanda3@newyorker.com
365,Hugibert,Sunners,hsunnersa4@bbc.co.uk
366,Ellswerth,Siddeley,esiddeleya5@ft.com
367,Ade,Thomazin,athomazina6@mtv.com
368,Dewey,Pietrzyk,dpietrzyka7@wordpress.com
369,Iris,Bessey,ibesseya8@rediff.com
370,Almeta,Arington,aaringtona9@diigo.com
371,Heddie,Skudder,hskudderaa@nih.gov
372,Courtney,Loosely,clooselyab@kickstarter.com
373,Caroljean,Cawson,ccawsonac@shutterfly.com
374,Roxanne,Nagle,rnaglead@skype.com
375,Rosalie,Lattie,rlattieae@wisc.edu
376,Ibby,Gamble,igambleaf@hostgator.com
377,Judd,Bagby,jbagbyag@about.com
378,Delcina,De Gregorio,ddegregorioah@last.fm
379,Billye,Gepson,bgepsonai@cpanel.net
380,Nelli,Nozzolii,nnozzoliiaj@ucla.edu
381,Allard,Srutton,asruttonak@cafepress.com
382,Ellswerth,Caselick,ecaselickal@wikia.com
383,Shelbi,Wimlet,swimletam@wordpress.org
384,Gan,Eastam,geastaman@1688.com
385,Ham,Gallaccio,hgallaccioao@toplist.cz
386,Haze,Alker,halkerap@intel.com
387,Kristel,Peddowe,kpeddoweaq@freewebs.com
388,Maurita,Nesbitt,mnesbittar@chronoengine.com
389,Hal,Measor,hmeasoras@patch.com
390,Elsie,Houlden,ehouldenat@sciencedirect.com
391,Winn,Cureton,wcuretonau@guardian.co.uk
392,Cammi,Padbery,cpadberyav@netvibes.com
393,Mariette,Mounce,mmounceaw@cisco.com
394,Zaneta,Friatt,zfriattax@admin.ch
395,Bill,Seathwright,bseathwrightay@skype.com
396,Raine,Murdoch,rmurdochaz@cloudflare.com
397,Ruy,Brumpton,rbrumptonb0@tiny.cc
398,Amity,Stean,asteanb1@miibeian.gov.cn
399,Arley,Parren,aparrenb2@washington.edu
400,Datha,Gelland,dgellandb3@cocolog-nifty.com
401,Peg,Andrivel,pandrivelb4@trellian.com
402,Abdul,McColgan,amccolganb5@livejournal.com
403,Harmony,Gerling,hgerlingb6@sogou.com
404,Julie,Malec,jmalecb7@unicef.org
405,Alister,Crittal,acrittalb8@disqus.com
406,Adeline,Upex,aupexb9@simplemachines.org
407,Tim,Ferentz,tferentzba@ocn.ne.jp
408,Durante,Morphey,dmorpheybb@icio.us
409,Creight,Digges,cdiggesbc@umn.edu
410,Morgun,Perillio,mperilliobd@blog.com
411,Eddy,Sidery,esiderybe@stumbleupon.com
412,Fabe,Zecchini,fzecchinibf@shop-pro.jp
413,Kristy,Solomon,ksolomonbg@ebay.com
414,Micah,Pamment,mpammentbh@hao123.com
415,Kirsten,Martland,kmartlandbi@yolasite.com
416,Derrick,Guslon,dguslonbj@hao123.com
417,Benita,Waiton,bwaitonbk@fotki.com
418,Anetta,Barchrameev,abarchrameevbl@theglobeandmail.com
419,Gwenni,Hillett,ghillettbm@shop-pro.jp
420,Yoshiko,Novello,ynovellobn@delicious.com
421,Terrence,Zimmerman,tzimmermanbo@admin.ch
422,Granny,Barney,gbarneybp@dropbox.com
423,Jacqueline,Proom,jproombq@prnewswire.com
424,Noel,Gorgen,ngorgenbr@ucoz.com
425,Brynn,Sive,bsivebs@youku.com
426,Tamas,Flacknell,tflacknellbt@dedecms.com
427,Dario,Baggett,dbaggettbu@adobe.com
428,Kellen,Fontes,kfontesbv@github.com
429,Florencia,Witherden,fwitherdenbw@bizjournals.com
430,Rea,Le Lievre,rlelievrebx@ed.gov
431,Burnaby,Bradder,bbradderby@plala.or.jp
432,Maible,Pretorius,mpretoriusbz@sfgate.com
433,Eamon,Paice,epaicec0@liveinternet.ru
434,Alic,Romanski,aromanskic1@miibeian.gov.cn
435,Dunc,Sarsons,dsarsonsc2@oakley.com
436,Matias,McMechan,mmcmechanc3@businessweek.com
437,Avigdor,Davage,adavagec4@nih.gov
438,Maximilianus,Hawkins,mhawkinsc5@macromedia.com
439,Adlai,Wotherspoon,awotherspoonc6@hc360.com
440,Glennie,Dorning,gdorningc7@time.com
441,Marcia,Saundercock,msaundercockc8@mtv.com
442,Hilary,Freezor,hfreezorc9@fc2.com
443,Jamie,Desporte,jdesporteca@home.pl
444,Byron,Weatherup,bweatherupcb@thetimes.co.uk
445,Wynn,Gerber,wgerbercc@deliciousdays.com
446,Arney,Roney,aroneycd@independent.co.uk
447,Bendicty,McCook,bmccookce@jugem.jp
448,Trish,Mieville,tmievillecf@netlog.com
449,Ronny,Riby,rribycg@tripadvisor.com
450,Alic,Salzburger,asalzburgerch@admin.ch
451,Zane,MacKeig,zmackeigci@accuweather.com
452,Marillin,Meese,mmeesecj@t.co
453,Lay,MacWhan,lmacwhanck@list-manage.com
454,Otes,Ridpath,oridpathcl@constantcontact.com
455,Sven,Lambregts,slambregtscm@ihg.com
456,Mallissa,Stroban,mstrobancn@google.co.uk
457,Clim,Westrip,cwestripco@a8.net
458,Tiphanie,Betton,tbettoncp@t-online.de
459,Shelly,Hudghton,shudghtoncq@xinhuanet.com
460,Ward,Eddolls,weddollscr@trellian.com
461,Sibbie,Hannigan,shannigancs@state.gov
462,Lombard,Notman,lnotmanct@telegraph.co.uk
463,Cirillo,Benoi,cbenoicu@delicious.com
464,Kally,Jepensen,kjepensencv@forbes.com
465,Tyrus,Carneck,tcarneckcw@sakura.ne.jp
466,Sadie,Raistrick,sraistrickcx@dion.ne.jp
467,Trstram,Trethowan,ttrethowancy@omniture.com
468,Rene,Dwelley,rdwelleycz@wired.com
469,Courtney,Powys,cpowysd0@unblog.fr
470,Rosemarie,Calbreath,rcalbreathd1@amazon.co.jp
471,Deck,Yakushkin,dyakushkind2@wisc.edu
472,Beau,Bold,bboldd3@unesco.org
473,Katerina,Maggi,kmaggid4@histats.com
474,Prissie,Dubarry,pdubarryd5@mapy.cz
475,Deva,Milroy,dmilroyd6@rakuten.co.jp
476,Jerri,Newis,jnewisd7@imdb.com
477,Barthel,Rigler,briglerd8@freewebs.com
478,Gilly,Scoterbosh,gscoterboshd9@newyorker.com
479,Tova,Heavy,theavyda@comsenz.com
480,Shandeigh,Longbothom,slongbothomdb@discovery.com
481,Pet,Tattershaw,ptattershawdc@qq.com
482,Bobbette,Illston,billstondd@washington.edu
483,Clare,Bauldry,cbauldryde@addtoany.com
484,Vinnie,Snalom,vsnalomdf@tmall.com
485,Kendell,Fowle,kfowledg@homestead.com
486,Arlen,Lies,aliesdh@goodreads.com
487,Isadore,Jaulme,ijaulmedi@gravatar.com
488,Lane,Swatheridge,lswatheridgedj@newsvine.com
489,Irma,Meharry,imeharrydk@furl.net
490,Sig,Lythgoe,slythgoedl@wordpress.com
491,Cyrill,Simonnot,csimonnotdm@sciencedaily.com
492,Bernadina,Jedrzejkiewicz,bjedrzejkiewiczdn@opera.com
493,Jess,McKibben,jmckibbendo@123-reg.co.uk
494,Erda,Marty,emartydp@spiegel.de
495,Ives,Durrington,idurringtondq@51.la
496,Kizzee,Leopard,kleoparddr@java.com
497,Portia,Galpin,pgalpinds@hatena.ne.jp
498,Jorey,Di Ruggero,jdiruggerodt@desdev.cn
499,Josselyn,McGuinness,jmcguinnessdu@chron.com
500,Deana,Figgess,dfiggessdv@adobe.com
501,Ambrosius,Tulip,atulipdw@wp.com
502,Milicent,Diddams,mdiddamsdx@oracle.com
503,Amalita,Wythe,awythedy@cisco.com
504,Gamaliel,Firpo,gfirpodz@oracle.com
505,Aurelea,Bownas,abownase0@baidu.com
506,Rinaldo,McCaughen,rmccaughene1@nhs.uk
507,Andres,Perico,apericoe2@opera.com
508,Sauncho,Slaight,sslaighte3@xrea.com
509,Shea,Fairs,sfairse4@g.co
510,Craggy,Walczynski,cwalczynskie5@disqus.com
511,Susie,Baseggio,sbaseggioe6@ameblo.jp
512,Ivan,Buzza,ibuzzae7@kickstarter.com
513,Giacomo,Brixey,gbrixeye8@prweb.com
514,Lise,Abbatucci,labbatuccie9@marriott.com
515,Bathsheba,Dragoe,bdragoeea@eventbrite.com
516,Staford,Harmond,sharmondeb@marketwatch.com
517,Chick,Lanham,clanhamec@ustream.tv
518,Rhetta,Knotton,rknottoned@nymag.com
519,Chase,Tomeo,ctomeoee@liveinternet.ru
520,Ursola,Yurkevich,uyurkevichef@google.com.au
521,Rochette,Joffe,rjoffeeg@craigslist.org
522,Sabra,Bertomeu,sbertomeueh@microsoft.com
523,Dael,Jiroutek,djiroutekei@hostgator.com
524,Markos,Lockton,mlocktonej@surveymonkey.com
525,Adolpho,Goldthorpe,agoldthorpeek@cam.ac.uk
526,Anstice,Twidell,atwidellel@biblegateway.com
527,Priscella,De Hailes,pdehailesem@sphinn.com
528,Aliza,Enderby,aenderbyen@unicef.org
529,Bondie,Jales,bjaleseo@newsvine.com
530,Ira,Littlepage,ilittlepageep@shareasale.com
531,Armstrong,Arkow,aarkoweq@spiegel.de
532,Dolorita,MacGahy,dmacgahyer@rediff.com
533,Boot,Chiverstone,bchiverstonees@deviantart.com
534,Alistair,Daniels,adanielset@hao123.com
535,Hi,Clapshaw,hclapshaweu@wunderground.com
536,Maddalena,Moat,mmoatev@smh.com.au
537,Marcel,Cussons,mcussonsew@bloglovin.com
538,Dniren,Casewell,dcasewellex@nymag.com
539,Jeanne,Kennedy,jkennedyey@youtu.be
540,Guillemette,Culverhouse,gculverhouseez@godaddy.com
541,Karilynn,Pashby,kpashbyf0@blogger.com
542,Shirline,Tiffin,stiffinf1@arstechnica.com
543,Alonso,Kerbler,akerblerf2@sourceforge.net
544,Sheff,De la croix,sdelacroixf3@1688.com
545,Babbette,Meric,bmericf4@parallels.com
546,Cory,Killock,ckillockf5@utexas.edu
547,Christen,Lyptrit,clyptritf6@behance.net
548,Hercules,Corneljes,hcorneljesf7@toplist.cz
549,Sherline,Syrie,ssyrief8@bing.com
550,Burl,Janway,bjanwayf9@sphinn.com
551,Sawyere,Sircombe,ssircombefa@blog.com
552,Ceciley,Whitnell,cwhitnellfb@liveinternet.ru
553,Coralyn,Mutton,cmuttonfc@geocities.com
554,Berrie,Garlant,bgarlantfd@mail.ru
555,Hamil,Scough,hscoughfe@booking.com
556,Victoria,Duffet,vduffetff@angelfire.com
557,Mario,Rablan,mrablanfg@accuweather.com
558,Bartel,McGlaughn,bmcglaughnfh@amazonaws.com
559,Cosimo,Servis,cservisfi@live.com
560,Johnny,Chesterton,jchestertonfj@amazon.co.uk
561,Annnora,Larive,alarivefk@biglobe.ne.jp
562,Valenka,Simchenko,vsimchenkofl@seesaa.net
563,Raeann,Warrington,rwarringtonfm@comcast.net
564,Frayda,Houldey,fhouldeyfn@ameblo.jp
565,Adamo,Brion,abrionfo@nature.com
566,Willabella,Frostdicke,wfrostdickefp@businessweek.com
567,Royal,Crangle,rcranglefq@stanford.edu
568,Far,Liddington,fliddingtonfr@washington.edu
569,Roth,Caswill,rcaswillfs@geocities.com
570,Ruddy,Gaw,rgawft@slideshare.net
571,Ken,Cheley,kcheleyfu@virginia.edu
572,Mayne,Fenich,mfenichfv@networksolutions.com
573,Darci,Rodgman,drodgmanfw@linkedin.com
574,Sol,Deackes,sdeackesfx@mapquest.com
575,Barr,O'Shea,bosheafy@hexun.com
576,Birch,Baynton,bbayntonfz@hatena.ne.jp
577,Moselle,Ottosen,mottoseng0@uol.com.br
578,Rosamond,Kobes,rkobesg1@wikispaces.com
579,Aristotle,Mablestone,amablestoneg2@clickbank.net
580,Marjorie,Yakobowitz,myakobowitzg3@google.ru
581,Dee dee,Mockes,dmockesg4@auda.org.au
582,Tybie,Landa,tlandag5@dot.gov
583,Bill,Rangle,brangleg6@yahoo.com
584,Reinaldo,Lansly,rlanslyg7@dagondesign.com
585,Alyse,Gomersall,agomersallg8@yahoo.com
586,Ailee,Peeke-Vout,apeekevoutg9@tripod.com
587,Gifford,Ferneley,gferneleyga@e-recht24.de
588,Tamera,Cumberbatch,tcumberbatchgb@lycos.com
589,Teresina,Barsham,tbarshamgc@a8.net
590,Dexter,Skippen,dskippengd@joomla.org
591,Bill,McCawley,bmccawleyge@bbc.co.uk
592,Genni,Hugin,ghugingf@aboutads.info
593,Ynes,Coulsen,ycoulsengg@pagesperso-orange.fr
594,Mirella,Pykerman,mpykermangh@bloglovin.com
595,Anderea,Meriton,ameritongi@rediff.com
596,Willem,Beardon,wbeardongj@xinhuanet.com
597,Druci,Henden,dhendengk@drupal.org
598,Porter,Bisson,pbissongl@bandcamp.com
599,Torrence,Maciejewski,tmaciejewskigm@netvibes.com
600,Feodora,Basillon,fbasillongn@google.co.uk
601,Duffy,Biaggetti,dbiaggettigo@gmpg.org
602,Christos,Morat,cmoratgp@buzzfeed.com
603,Jennie,Terbrug,jterbruggq@prnewswire.com
604,Ernst,Pitsall,epitsallgr@slate.com
605,Trevor,Ricks,tricksgs@marriott.com
606,Nolly,Ivanonko,nivanonkogt@sourceforge.net
607,Umberto,Skinley,uskinleygu@goo.ne.jp
608,Adiana,Ambrose,aambrosegv@yellowbook.com
609,Claudell,Gateman,cgatemangw@yahoo.com
610,Mia,Jullian,mjulliangx@uiuc.edu
611,Orelie,Lockwood,olockwoodgy@chronoengine.com
612,Hope,Abilowitz,habilowitzgz@nytimes.com
613,Gael,Phare,gphareh0@issuu.com
614,Justen,De Leek,jdeleekh1@chicagotribune.com
615,Estella,Pepys,epepysh2@java.com
616,Tristam,Ickovic,tickovich3@gizmodo.com
617,Russell,Hayhoe,rhayhoeh4@cyberchimps.com
618,Marline,Timmens,mtimmensh5@amazon.com
619,Bessie,Garretts,bgarrettsh6@opera.com
620,Fidel,Clearie,fclearieh7@woothemes.com
621,Brenna,Mansuer,bmansuerh8@freewebs.com
622,Iris,Onslow,ionslowh9@istockphoto.com
623,Emma,Beekman,ebeekmanha@accuweather.com
624,Gerhardine,Ackermann,gackermannhb@marketwatch.com
625,Melisent,Gadault,mgadaulthc@yahoo.co.jp
626,Caryl,Knoton,cknotonhd@hugedomains.com
627,Read,O'Lagen,rolagenhe@furl.net
628,Anton,Griffen,agriffenhf@w3.org
629,Astrid,MacGarvey,amacgarveyhg@reuters.com
630,Hannah,Simonazzi,hsimonazzihh@1und1.de
631,Giffy,Breese,gbreesehi@blogger.com
632,Gaspard,Slocomb,gslocombhj@wufoo.com
633,Evvy,Noye,enoyehk@youtube.com
634,Claresta,Lawrenz,clawrenzhl@reference.com
635,Laurent,Pountain,lpountainhm@weather.com
636,Florentia,Bridgett,fbridgetthn@simplemachines.org
637,Angelia,Weymont,aweymontho@princeton.edu
638,Katharina,Alessandretti,kalessandrettihp@blogtalkradio.com
639,Diahann,Wyness,dwynesshq@themeforest.net
640,Mervin,Greave,mgreavehr@github.io
641,Ulrike,Dubois,uduboishs@ovh.net
642,Tandi,Petrussi,tpetrussiht@jimdo.com
643,Beatriz,Ricardot,bricardothu@stumbleupon.com
644,Trace,Songhurst,tsonghursthv@hexun.com
645,Janis,Schirach,jschirachhw@nature.com
646,Phaidra,Henrot,phenrothx@oaic.gov.au
647,Ray,Lytton,rlyttonhy@t.co
648,Bondie,Seage,bseagehz@google.com
649,Patty,Elland,pellandi0@boston.com
650,Jennilee,Holbarrow,jholbarrowi1@mac.com
651,Yasmeen,Wiper,ywiperi2@reddit.com
652,Shawna,Finlry,sfinlryi3@wikimedia.org
653,Prisca,Hindrich,phindrichi4@unicef.org
654,Troy,Fancourt,tfancourti5@godaddy.com
655,Erik,Gyppes,egyppesi6@soup.io
656,Gabrielle,Epelett,gepeletti7@hubpages.com
657,Ursulina,Aveyard,uaveyardi8@cornell.edu
658,Chris,Stephens,cstephensi9@about.com
659,Ethelyn,Buddell,ebuddellia@pen.io
660,Yul,Cholonin,ycholoninib@creativecommons.org
661,Twyla,Bumpus,tbumpusic@state.tx.us
662,Rhianna,Cowle,rcowleid@symantec.com
663,Valentina,Terrill,vterrillie@mediafire.com
664,Dennison,Singers,dsingersif@examiner.com
665,Camile,Barczewski,cbarczewskiig@lycos.com
666,Elianore,Twiddle,etwiddleih@goo.gl
667,Davon,Gaffer,dgafferii@vk.com
668,Candice,Flannigan,cflanniganij@wiley.com
669,Aldis,Sutlieff,asutlieffik@nifty.com
670,Richart,Jailler,rjailleril@trellian.com
671,Burnard,Kennedy,bkennedyim@google.com.au
672,Paten,Hitschke,phitschkein@aol.com
673,Padraig,Birkwood,pbirkwoodio@apache.org
674,Marcia,Skeats,mskeatsip@a8.net
675,Loise,Cescotti,lcescottiiq@alexa.com
676,Gene,Bengal,gbengalir@nationalgeographic.com
677,Daryl,April,daprilis@vistaprint.com
678,Bili,Skuce,bskuceit@weather.com
679,Aldric,Trowill,atrowilliu@comcast.net
680,Katine,Collick,kcollickiv@unc.edu
681,Brander,Greir,bgreiriw@si.edu
682,Collie,Blunsum,cblunsumix@virginia.edu
683,Theo,Cosker,tcoskeriy@who.int
684,Wendall,Silkston,wsilkstoniz@npr.org
685,Johnna,Smithson,jsmithsonj0@cbslocal.com
686,Boigie,Wyett,bwyettj1@surveymonkey.com
687,Danyelle,Feldmark,dfeldmarkj2@addthis.com
688,Merrel,Gell,mgellj3@mail.ru
689,Lulita,Elcoate,lelcoatej4@domainmarket.com
690,Carmita,Gianasi,cgianasij5@vk.com
691,Monah,Crudge,mcrudgej6@state.tx.us
692,Lynnet,Verden,lverdenj7@goo.gl
693,Gawen,Freda,gfredaj8@samsung.com
694,Analise,Duigan,aduiganj9@tinyurl.com
695,Nicol,Hazell,nhazellja@adobe.com
696,Gordie,Barfoot,gbarfootjb@nationalgeographic.com
697,Tabby,Jerisch,tjerischjc@chronoengine.com
698,Kassey,Kluge,kklugejd@chicagotribune.com
699,Guy,Rogier,grogierje@liveinternet.ru
700,Lea,Nisby,lnisbyjf@e-recht24.de
701,Manon,Toffano,mtoffanojg@nyu.edu
702,Derward,Lebourn,dlebournjh@cdbaby.com
703,Gipsy,Simka,gsimkaji@parallels.com
704,Ruthie,Callum,rcallumjj@shutterfly.com
705,Glen,Kinforth,gkinforthjk@wp.com
706,Freddie,Western,fwesternjl@rediff.com
707,Jorgan,Shrubb,jshrubbjm@delicious.com
708,Felice,Critchley,fcritchleyjn@npr.org
709,Gonzales,Culshaw,gculshawjo@feedburner.com
710,Cheston,Josofovitz,cjosofovitzjp@pcworld.com
711,Delilah,Casewell,dcasewelljq@sakura.ne.jp
712,Masha,Bush,mbushjr@ft.com
713,Giovanni,Henzley,ghenzleyjs@sina.com.cn
714,Dante,Hayzer,dhayzerjt@lycos.com
715,Sibella,Kerbey,skerbeyju@devhub.com
716,Gisela,Bonifas,gbonifasjv@mlb.com
717,Raquela,Mundy,rmundyjw@skyrock.com
718,Masha,Pattenden,mpattendenjx@fda.gov
719,Marcie,Peatheyjohns,mpeatheyjohnsjy@dropbox.com
720,Lorrayne,Henryson,lhenrysonjz@e-recht24.de
721,Nils,Eye,neyek0@independent.co.uk
722,Angelica,Pollett,apollettk1@goo.ne.jp
723,Winthrop,Danaher,wdanaherk2@china.com.cn
724,Wesley,Clipsham,wclipshamk3@goo.ne.jp
725,Ivonne,Sherel,isherelk4@arstechnica.com
726,Pacorro,McKernan,pmckernank5@google.ru
727,Adriano,Chafney,achafneyk6@princeton.edu
728,Larry,Meadmore,lmeadmorek7@hhs.gov
729,Ingelbert,Latour,ilatourk8@canalblog.com
730,Frederigo,Platfoot,fplatfootk9@unesco.org
731,Beverie,Lochhead,blochheadka@zimbio.com
732,Bea,Peaple,bpeaplekb@cnet.com
733,Lelia,Anders,landerskc@tamu.edu
734,Gustavo,Lambourne,glambournekd@cafepress.com
735,Rhonda,Eggleton,reggletonke@timesonline.co.uk
736,Matilda,Treble,mtreblekf@aboutads.info
737,Deidre,Sancroft,dsancroftkg@umn.edu
738,Delcine,Darinton,ddarintonkh@zdnet.com
739,Sondra,Herity,sherityki@blinklist.com
740,Danit,Ledwitch,dledwitchkj@nyu.edu
741,Gipsy,Reason,greasonkk@hao123.com
742,Wren,Croxley,wcroxleykl@sina.com.cn
743,Coriss,Tolossi,ctolossikm@xing.com
744,Brockie,Fahrenbacher,bfahrenbacherkn@1688.com
745,Charyl,Dingle,cdingleko@godaddy.com
746,Lucille,Faro,lfarokp@indiegogo.com
747,Kacy,Fellow,kfellowkq@nsw.gov.au
748,Tawsha,Lowdham,tlowdhamkr@studiopress.com
749,Marco,Lyosik,mlyosikks@hostgator.com
750,Leopold,Franciottoi,lfranciottoikt@army.mil
751,Martyn,Potkin,mpotkinku@unc.edu
752,Keenan,Clacson,kclacsonkv@usnews.com
753,Rae,Vanezis,rvaneziskw@dyndns.org
754,Lynnell,Gresswood,lgresswoodkx@bluehost.com
755,Alexandros,Frango,afrangoky@nydailynews.com
756,Agustin,Ewert,aewertkz@arstechnica.com
757,Sigfried,Pardie,spardiel0@diigo.com
758,Gilbertine,Fayter,gfayterl1@accuweather.com
759,Johnath,Dunnet,jdunnetl2@google.ru
760,Josh,Iozefovich,jiozefovichl3@i2i.jp
761,Jocelin,Elion,jelionl4@mapquest.com
762,Cami,Jerwood,cjerwoodl5@imageshack.us
763,Ash,Abrahmovici,aabrahmovicil6@buzzfeed.com
764,Orly,Kahn,okahnl7@stanford.edu
765,Floyd,Wight,fwightl8@gizmodo.com
766,Gerald,Adamsky,gadamskyl9@berkeley.edu
767,Ardelle,McCahill,amccahillla@gizmodo.com
768,Benji,Houseago,bhouseagolb@marriott.com
769,Heloise,Kewzick,hkewzicklc@jimdo.com
770,Devina,Avrahm,davrahmld@friendfeed.com
771,Ennis,Fortun,efortunle@surveymonkey.com
772,Antony,Larraway,alarrawaylf@flickr.com
773,Valentin,Barday,vbardaylg@shinystat.com
774,Israel,Gribble,igribblelh@zimbio.com
775,Martelle,Sabate,msabateli@about.me
776,Stearne,Guerner,sguernerlj@independent.co.uk
777,Ottilie,Apple,oapplelk@opera.com
778,Joella,Cantu,jcantull@epa.gov
779,Meagan,Spinella,mspinellalm@umich.edu
780,Chelsea,Dalziell,cdalziellln@com.com
781,Martelle,Geerdts,mgeerdtslo@macromedia.com
782,Gaby,Klaesson,gklaessonlp@addtoany.com
783,Mariya,Archbold,marchboldlq@sitemeter.com
784,Cherry,Staddon,cstaddonlr@ucla.edu
785,Darrelle,Lochrie,dlochriels@ifeng.com
786,Redd,Inglesfield,ringlesfieldlt@fc2.com
787,Britt,Johanssen,bjohanssenlu@pcworld.com
788,Quint,Aron,qaronlv@people.com.cn
789,Jamie,Felderer,jfeldererlw@nps.gov
790,Murdock,Care,mcarelx@umich.edu
791,Frans,Pohlke,fpohlkely@phpbb.com
792,Maurene,McKinlay,mmckinlaylz@harvard.edu
793,Maximilien,Raubenheimer,mraubenheimerm0@webnode.com
794,Rebecca,Newlove,rnewlovem1@typepad.com
795,Danice,Clemes,dclemesm2@dell.com
796,Abagail,Acton,aactonm3@bing.com
797,Michelina,Yerrall,myerrallm4@amazon.de
798,Aurea,Rodolphe,arodolphem5@newyorker.com
799,Kissiah,Craske,kcraskem6@sfgate.com
800,Florida,Bergstram,fbergstramm7@aol.com
801,Claybourne,Lickess,clickessm8@slashdot.org
802,Zane,Pietrasik,zpietrasikm9@yandex.ru
803,Andrea,Bloodworth,abloodworthma@geocities.jp
804,Ede,Divine,edivinemb@va.gov
805,Hyacinthie,Beeson,hbeesonmc@toplist.cz
806,Doralyn,Munnings,dmunningsmd@dell.com
807,Pancho,Toppin,ptoppinme@imdb.com
808,Collin,Kirrage,ckirragemf@joomla.org
809,Starr,Manilo,smanilomg@1688.com
810,Ferdinande,Youll,fyoullmh@angelfire.com
811,Terence,Tooley,ttooleymi@desdev.cn
812,Denyse,Creasey,dcreaseymj@cnn.com
813,Kimball,Hofner,khofnermk@ihg.com
814,Britt,Adacot,badacotml@cpanel.net
815,Lowe,Bowley,lbowleymm@prweb.com
816,Eb,Sackes,esackesmn@t-online.de
817,Alyse,O'Sheerin,aosheerinmo@addthis.com
818,Odelia,Simoncini,osimoncinimp@imdb.com
819,Tobin,Beckley,tbeckleymq@ca.gov
820,Katharina,Fabry,kfabrymr@artisteer.com
821,Mathe,True,mtruems@naver.com
822,Levon,Winny,lwinnymt@jimdo.com
823,Ashlin,Tomashov,atomashovmu@ft.com
824,Perceval,Chisnell,pchisnellmv@vimeo.com
825,Weidar,Stobart,wstobartmw@163.com
826,Allis,Swinn,aswinnmx@sogou.com
827,Jeanine,Sansome,jsansomemy@nyu.edu
828,Keely,Breznovic,kbreznovicmz@bloglovin.com
829,Wendye,Sparkwell,wsparkwelln0@time.com
830,Rene,Trye,rtryen1@myspace.com
831,Babb,Snowdon,bsnowdonn2@surveymonkey.com
832,Fancy,Giercke,fgiercken3@geocities.jp
833,Chaim,Kahan,ckahann4@posterous.com
834,Noelle,Bortolutti,nbortoluttin5@usnews.com
835,Sheffield,Balam,sbalamn6@drupal.org
836,Leanora,Sedgefield,lsedgefieldn7@nifty.com
837,Hieronymus,Brotherick,hbrotherickn8@imageshack.us
838,Hasty,Bowhay,hbowhayn9@symantec.com
839,Shari,Lamasna,slamasnana@example.com
840,Andreas,Lindsley,alindsleynb@ucla.edu
841,Sibby,Bayle,sbaylenc@usatoday.com
842,Rosamund,Bradneck,rbradnecknd@stumbleupon.com
843,Alie,Monnery,amonneryne@mapy.cz
844,Elysee,Ilyasov,eilyasovnf@apache.org
845,Elset,Waterworth,ewaterworthng@soup.io
846,Adrea,Neylan,aneylannh@ucsd.edu
847,Rogerio,Dollman,rdollmanni@parallels.com
848,Perkin,Greenwood,pgreenwoodnj@blinklist.com
849,Moises,O'Lenechan,molenechannk@istockphoto.com
850,Farrand,Emmet,femmetnl@cpanel.net
851,Swen,Jewsbury,sjewsburynm@ucoz.ru
852,Worden,Garton,wgartonnn@craigslist.org
853,Parry,Borborough,pborboroughno@amazonaws.com
854,Ulrika,Bartoloma,ubartolomanp@mayoclinic.com
855,Ashla,Dallon,adallonnq@goo.ne.jp
856,Geralda,Alenikov,galenikovnr@shareasale.com
857,Evita,Hounihan,ehounihanns@tinypic.com
858,Wally,Gorghetto,wgorghettont@studiopress.com
859,Horatia,Arro,harronu@narod.ru
860,Alexis,Wait,awaitnv@dion.ne.jp
861,Philippine,Claige,pclaigenw@reference.com
862,Grange,Burren,gburrennx@yahoo.com
863,Fee,Stede,fstedeny@youtu.be
864,Deni,McIlhatton,dmcilhattonnz@usnews.com
865,Noami,Weild,nweildo0@feedburner.com
866,Gretel,Rustich,grusticho1@fastcompany.com
867,Gray,Cafe,gcafeo2@scientificamerican.com
868,Polly,Capstaff,pcapstaffo3@ow.ly
869,Desmond,Gorham,dgorhamo4@phpbb.com
870,Horace,Innot,hinnoto5@salon.com
871,Arlin,Lilleycrop,alilleycropo6@lycos.com
872,Cynthy,Clemmow,cclemmowo7@shinystat.com
873,Daloris,Genny,dgennyo8@spotify.com
874,Fedora,Poser,fposero9@walmart.com
875,Hart,Harp,hharpoa@washington.edu
876,Orlan,Yanson,oyansonob@discovery.com
877,Peder,Bodleigh,pbodleighoc@house.gov
878,Rafaellle,Blumer,rblumerod@desdev.cn
879,Nils,Phizackerly,nphizackerlyoe@ucoz.com
880,Nial,Veare,nveareof@ning.com
881,Melba,Tolotti,mtolottiog@pbs.org
882,Dan,Kowal,dkowaloh@miibeian.gov.cn
883,Olympe,Spellessy,ospellessyoi@miitbeian.gov.cn
884,Alex,Flott,aflottoj@marketwatch.com
885,Lucien,Sagar,lsagarok@posterous.com
886,Jerry,Worsall,jworsallol@ucoz.com
887,Courtnay,Hovel,chovelom@google.fr
888,Jan,Balchen,jbalchenon@netvibes.com
889,Rolland,O'Kinedy,rokinedyoo@digg.com
890,Annalise,Mulqueen,amulqueenop@behance.net
891,Vaclav,Frenzel;,vfrenzeloq@parallels.com
892,Travers,Geelan,tgeelanor@list-manage.com
893,Connie,Autrie,cautrieos@a8.net
894,Helaina,Commuzzo,hcommuzzoot@storify.com
895,Bernice,Napton,bnaptonou@bloglovin.com
896,Russ,Cornhill,rcornhillov@hud.gov
897,Anica,Gaskin,agaskinow@1und1.de
898,Dusty,Bramley,dbramleyox@feedburner.com
899,Sharline,Hawkswood,shawkswoodoy@cbc.ca
900,Inger,Artin,iartinoz@soup.io
901,Tam,Tomasian,ttomasianp0@1und1.de
902,Gavra,Lamy,glamyp1@wunderground.com
903,Bronny,Hurche,bhurchep2@51.la
904,Vivie,Dunthorn,vdunthornp3@sciencedaily.com
905,Suki,Guare,sguarep4@uiuc.edu
906,Carol-jean,Tomasz,ctomaszp5@google.ca
907,Broderick,Burder,bburderp6@kickstarter.com
908,Hurlee,Premble,hpremblep7@google.es
909,Arlette,Deener,adeenerp8@bloglovin.com
910,Kimball,Poulsen,kpoulsenp9@taobao.com
911,Torrin,Shurville,tshurvillepa@cargocollective.com
912,Adda,Coumbe,acoumbepb@i2i.jp
913,Flin,Roiz,froizpc@lycos.com
914,Heidie,Mucci,hmuccipd@ow.ly
915,Simon,Nazer,snazerpe@skyrock.com
916,Montgomery,Heninghem,mheninghempf@1und1.de
917,Rik,Jagger,rjaggerpg@bbb.org
918,Andy,Lindenberg,alindenbergph@goo.gl
919,Gertrudis,Murkitt,gmurkittpi@ucla.edu
920,Lee,Aspinal,laspinalpj@archive.org
921,Francklyn,Garford,fgarfordpk@blogs.com
922,Nicoli,Athelstan,nathelstanpl@wikimedia.org
923,Stacy,McColl,smccollpm@yellowpages.com
924,Sidnee,Wimmers,swimmerspn@hud.gov
925,Linnell,Carrigan,lcarriganpo@mapy.cz
926,Odessa,Fursey,ofurseypp@over-blog.com
927,Jabez,Sokell,jsokellpq@bbc.co.uk
928,Nelle,Manton,nmantonpr@is.gd
929,Maurie,Mockler,mmocklerps@google.ru
930,Randi,Vallentine,rvallentinept@naver.com
931,Putnam,Haynes,phaynespu@craigslist.org
932,Elicia,Suero,esueropv@devhub.com
933,Elonore,Van der Mark,evandermarkpw@oracle.com
934,Alejandrina,Plumstead,aplumsteadpx@about.me
935,Delcine,Dawtre,ddawtrepy@ifeng.com
936,Chaddie,Howley,chowleypz@army.mil
937,Cesaro,Yurinov,cyurinovq0@flickr.com
938,Tiphanie,Locker,tlockerq1@nasa.gov
939,Doug,Paskins,dpaskinsq2@vistaprint.com
940,Randa,Diprose,rdiproseq3@fastcompany.com
941,Cordell,Harlowe,charloweq4@github.io
942,Gualterio,Golds,ggoldsq5@about.me
943,Cheslie,Sails,csailsq6@trellian.com
944,Dare,McCarroll,dmccarrollq7@booking.com
945,Valentina,Elsmore,velsmoreq8@yandex.ru
946,Benedikt,Allso,ballsoq9@hc360.com
947,Raoul,McGlue,rmcglueqa@craigslist.org
948,Liam,Managh,lmanaghqb@meetup.com
949,Kimberly,Autie,kautieqc@creativecommons.org
950,Ike,Sprague,ispragueqd@blogspot.com
951,Bailey,McSparran,bmcsparranqe@msn.com
952,Brandais,Peeter,bpeeterqf@fda.gov
953,Sydney,Bridson,sbridsonqg@tuttocitta.it
954,Shanna,McClenaghan,smcclenaghanqh@people.com.cn
955,Lem,Bleazard,lbleazardqi@bizjournals.com
956,Ronnie,Childes,rchildesqj@cam.ac.uk
957,Clareta,Greves,cgrevesqk@edublogs.org
958,Rene,Dufaire,rdufaireql@stumbleupon.com
959,Gusty,Lowles,glowlesqm@ovh.net
960,Celesta,Van der Velden,cvanderveldenqn@cloudflare.com
961,Rich,Denver,rdenverqo@mediafire.com
962,Iosep,Baskerville,ibaskervilleqp@wiley.com
963,Llywellyn,Grinyakin,lgrinyakinqq@privacy.gov.au
964,Tadeas,Liggett,tliggettqr@spiegel.de
965,Reginald,Crasswell,rcrasswellqs@shareasale.com
966,Syd,Milton,smiltonqt@icio.us
967,Frances,Bradburn,fbradburnqu@bbc.co.uk
968,Nanny,Lyal,nlyalqv@utexas.edu
969,Cale,Rough,croughqw@umn.edu
970,Renato,Brolly,rbrollyqx@hatena.ne.jp
971,Wilfrid,Longmore,wlongmoreqy@is.gd
972,Emmi,Bassill,ebassillqz@yellowpages.com
973,Clio,Ravilus,cravilusr0@amazon.com
974,Emmy,Saterthwait,esaterthwaitr1@mayoclinic.com
975,Lise,Kerwen,lkerwenr2@alibaba.com
976,Dewey,Cushelly,dcushellyr3@mozilla.com
977,Maxi,Dayer,mdayerr4@house.gov
978,Mose,Crockatt,mcrockattr5@youtu.be
979,Hallie,Fibbens,hfibbensr6@github.com
980,Orville,Olijve,oolijver7@mysql.com
981,Lissi,Ranyard,lranyardr8@stanford.edu
982,Salim,Bisterfeld,sbisterfeldr9@samsung.com
983,Sawyere,Slader,ssladerra@rediff.com
984,Cello,O'Neill,coneillrb@soup.io
985,Coreen,Esmonde,cesmonderc@samsung.com
986,Denise,Kubelka,dkubelkard@furl.net
987,Frederic,Corkett,fcorkettre@mapy.cz
988,Aristotle,Wherrett,awherrettrf@g.co
989,Wilmette,Blewis,wblewisrg@reverbnation.com
990,Colline,Matfield,cmatfieldrh@adobe.com
991,Beale,Ilyenko,bilyenkori@hp.com
992,Constance,Featley,cfeatleyrj@apple.com
993,Harp,Wolverson,hwolversonrk@wordpress.com
994,Sasha,Dryburgh,sdryburghrl@mysql.com
995,Gardy,Greves,ggrevesrm@miitbeian.gov.cn
996,Ahmed,Trill,atrillrn@soup.io
997,Joy,Rayment,jraymentro@dailymail.co.uk
998,Theodora,Goldsbury,tgoldsburyrp@ebay.co.uk
999,Mira,Morales,mmoralesrq@skyrock.com
1000,Hymie,Dybald,hdybaldrr@drupal.org
