id,first_name,last_name,email
1001,Luce,Pomphrett,lpomphrett0@nih.gov
1002,Imelda,Wiffler,iwiffler1@bloomberg.com
1003,Benoite,Lambert-Ciorwyn,blambertciorwyn2@jimdo.com
1004,Mariele,Itchingham,mitchingham3@taobao.com
1005,Svend,Pactat,spactat4@wikispaces.com
1006,Findlay,Sprackling,fsprackling5@rambler.ru
1007,Des,De Bernardi,ddebernardi6@spiegel.de
1008,Nestor,Greim,ngreim7@google.ca
1009,Dorthy,Devennie,ddevennie8@foxnews.com
1010,Kori,Prangley,kprangley9@jalbum.net
1011,Davidson,Drance,ddrancea@wufoo.com
1012,Dorise,Lavigne,dlavigneb@nationalgeographic.com
1013,Timmie,Ebrall,tebrallc@issuu.com
1014,Clary,Nathon,cnathond@springer.com
1015,Jimmie,Lamort,jlamorte@netscape.com
1016,Charlie,Ballchin,cballchinf@g.co
1017,Christi,O'Neill,coneillg@house.gov
1018,Herold,Braunes,hbraunesh@example.com
1019,Norbie,Yair,nyairi@over-blog.com
1020,Marni,Bibb,mbibbj@gov.uk
1021,Cullan,Margaritelli,cmargaritellik@vimeo.com
1022,Basilius,Balaison,bbalaisonl@thetimes.co.uk
1023,Dacy,Conring,dconringm@free.fr
1024,Curcio,MacAnulty,cmacanultyn@goodreads.com
1025,Caren,Heinrici,cheinricio@alexa.com
1026,Bernice,Ianne,biannep@github.com
1027,Hailee,Adolf,hadolfq@ftc.gov
1028,Godfrey,Gobeaux,ggobeauxr@studiopress.com
1029,Gilly,Arnaldy,garnaldys@redcross.org
1030,Bonnie,Tilmouth,btilmoutht@businesswire.com
1031,Valaria,Whiscard,vwhiscardu@creativecommons.org
1032,Ermina,Kinghorne,ekinghornev@pagesperso-orange.fr
1033,Ephrem,Scarce,escarcew@house.gov
1034,Lonny,Runchman,lrunchmanx@nifty.com
1035,Warde,Fitch,wfitchy@goo.ne.jp
1036,Yolane,Mousley,ymousleyz@state.tx.us
1037,Clair,Dregan,cdregan10@sakura.ne.jp
1038,Magnum,Klisch,mklisch11@eepurl.com
1039,Mimi,Paolini,mpaolini12@xrea.com
1040,Lockwood,Vanyukhin,lvanyukhin13@is.gd
1041,Mari,Ormesher,mormesher14@msu.edu
1042,Doug,McVaugh,dmcvaugh15@smugmug.com
1043,Vivianne,Emanson,vemanson16@springer.com
1044,Codi,Slyde,cslyde17@narod.ru
1045,Madelaine,Coldrick,mcoldrick18@cmu.edu
1046,Nevil,Ebbage,nebbage19@yellowbook.com
1047,Christoforo,Sebley,csebley1a@comcast.net
1048,Lief,Underhill,lunderhill1b@admin.ch
1049,Uriel,Malek,umalek1c@themeforest.net
1050,Lombard,Myrick,lmyrick1d@xrea.com
1051,Kerr,McHan,kmchan1e@omniture.com
1052,Christean,Tynewell,ctynewell1f@digg.com
1053,Meris,Drinkwater,mdrinkwater1g@mit.edu
1054,Daryl,Colchett,dcolchett1h@discovery.com
1055,Leann,Defont,ldefont1i@stumbleupon.com
1056,Lindi,Damiata,ldamiata1j@icio.us
1057,Bordy,Punyer,bpunyer1k@rambler.ru
1058,Joycelin,Edmead,jedmead1l@stumbleupon.com
1059,Bevvy,Trimnell,btrimnell1m@tamu.edu
1060,Sarene,Stringfellow,sstringfellow1n@craigslist.org
1061,Ronalda,Bodycombe,rbodycombe1o@slashdot.org
1062,Lory,Lifsey,llifsey1p@mysql.com
1063,Cherianne,Garn,cgarn1q@themeforest.net
1064,Even,Coupland,ecoupland1r@wikispaces.com
1065,Merna,Lardez,mlardez1s@hexun.com
1066,Peadar,Kornalik,pkornalik1t@a8.net
1067,Symon,Sigmund,ssigmund1u@upenn.edu
1068,Thomasa,Normavill,tnormavill1v@paginegialle.it
1069,Salomone,Minshall,sminshall1w@huffingtonpost.com
1070,Deeanne,Bricket,dbricket1x@timesonline.co.uk
1071,Carla,Keepin,ckeepin1y@mashable.com
1072,Violante,Sibthorpe,vsibthorpe1z@fastcompany.com
1073,Huey,Spellicy,hspellicy20@printfriendly.com
1074,Natasha,Duckinfield,nduckinfield21@house.gov
1075,Issy,Bagguley,ibagguley22@mayoclinic.com
1076,Kailey,Timmens,ktimmens23@apache.org
1077,Marla,Laydon,mlaydon24@whitehouse.gov
1078,Francklin,Hunnable,fhunnable25@slashdot.org
1079,Bernie,Morales,bmorales26@etsy.com
1080,Letty,Fay,lfay27@wunderground.com
1081,Hamid,Burbank,hburbank28@businessinsider.com
1082,Emmie,Dancy,edancy29@seesaa.net
1083,Tyrone,Ledster,tledster2a@simplemachines.org
1084,Jermayne,Cotterill,jcotterill2b@pcworld.com
1085,Opaline,Kleisle,okleisle2c@hugedomains.com
1086,Lefty,Stiegers,lstiegers2d@addthis.com
1087,Daisey,Pynner,dpynner2e@cyberchimps.com
1088,Xylina,Harriot,xharriot2f@mail.ru
1089,Prudence,Claxson,pclaxson2g@ftc.gov
1090,Sullivan,Draycott,sdraycott2h@lycos.com
1091,Katlin,Jancso,kjancso2i@bloglovin.com
1092,Olympie,Saunton,osaunton2j@unicef.org
1093,Daryl,Dawtre,ddawtre2k@ocn.ne.jp
1094,Danella,Yalden,dyalden2l@mysql.com
1095,Chloe,Ambrogi,cambrogi2m@china.com.cn
1096,Wilton,Narey,wnarey2n@google.com.br
1097,Bette,Findlow,bfindlow2o@facebook.com
1098,Josias,Sinney,jsinney2p@bloglines.com
1099,Barry,Poundford,bpoundford2q@ebay.com
1100,Tommie,Gissing,tgissing2r@usda.gov
1101,Lizzy,Dadds,ldadds2s@dion.ne.jp
1102,Celestyn,Gildroy,cgildroy2t@smh.com.au
1103,Temple,Benettolo,tbenettolo2u@meetup.com
1104,Sherwood,Vinker,svinker2v@uiuc.edu
1105,Maxie,Trodler,mtrodler2w@harvard.edu
1106,Gerhardine,Whyte,gwhyte2x@example.com
1107,Jonie,Castiglio,jcastiglio2y@state.tx.us
1108,Pammie,Ouldred,pouldred2z@businessweek.com
1109,Traver,Lago,tlago30@surveymonkey.com
1110,Charin,O'Neary,coneary31@nymag.com
1111,Richart,Hasloch,rhasloch32@google.ca
1112,Bank,Routledge,broutledge33@com.com
1113,Shae,McCarl,smccarl34@utexas.edu
1114,Dania,Peregrine,dperegrine35@bravesites.com
1115,Mord,Hazeldean,mhazeldean36@buzzfeed.com
1116,Kristel,Joynt,kjoynt37@stanford.edu
1117,Zacherie,Broske,zbroske38@bigcartel.com
1118,Nita,Laroux,nlaroux39@walmart.com
1119,Annora,Harbord,aharbord3a@vistaprint.com
1120,Frank,Boniface,fboniface3b@domainmarket.com
1121,Chester,Blaisdale,cblaisdale3c@facebook.com
1122,Brooks,Probets,bprobets3d@t.co
1123,Rancell,Dodd,rdodd3e@unc.edu
1124,Enrico,Maxstead,emaxstead3f@craigslist.org
1125,Dix,Nattrass,dnattrass3g@ucoz.ru
1126,Cate,Stinton,cstinton3h@archive.org
1127,Cindy,Kabsch,ckabsch3i@imdb.com
1128,Bond,Sawter,bsawter3j@reuters.com
1129,Ursola,Gaddas,ugaddas3k@csmonitor.com
1130,Cornell,Sharpous,csharpous3l@biblegateway.com
1131,Merry,Scrowson,mscrowson3m@ocn.ne.jp
1132,Nerti,Willment,nwillment3n@gizmodo.com
1133,Philipa,Vinick,pvinick3o@nasa.gov
1134,Nathanial,Colleck,ncolleck3p@elpais.com
1135,Kristoforo,Burn,kburn3q@va.gov
1136,Clint,Borgnol,cborgnol3r@paginegialle.it
1137,Niven,Hauch,nhauch3s@ustream.tv
1138,Dyana,Bauer,dbauer3t@rakuten.co.jp
1139,Elvyn,Bunce,ebunce3u@people.com.cn
1140,Hilary,Domanski,hdomanski3v@sohu.com
1141,Ella,Matushevitz,ematushevitz3w@fc2.com
1142,Dody,Askaw,daskaw3x@goo.gl
1143,Davie,Robard,drobard3y@dot.gov
1144,Ginny,Jurries,gjurries3z@bing.com
1145,Horten,Caswell,hcaswell40@ifeng.com
1146,Cristina,Teliga,cteliga41@opensource.org
1147,Caralie,Davidavidovics,cdavidavidovics42@edublogs.org
1148,Cynthy,Wheowall,cwheowall43@goo.gl
1149,Miles,Rakes,mrakes44@hibu.com
1150,Munmro,Cases,mcases45@tripod.com
1151,Tyne,Haydney,thaydney46@wikipedia.org
1152,Amity,Sexstone,asexstone47@trellian.com
1153,Jarid,Jeanes,jjeanes48@mashable.com
1154,Devina,Vannoort,dvannoort49@mail.ru
1155,Meggi,Rowlatt,mrowlatt4a@wikispaces.com
1156,Elvera,Warr,ewarr4b@wikimedia.org
1157,Gavan,Marquand,gmarquand4c@slate.com
1158,Baldwin,Greenley,bgreenley4d@wix.com
1159,Omero,Aristide,oaristide4e@forbes.com
1160,Sapphira,Dowsett,sdowsett4f@biblegateway.com
1161,Garnet,Sturge,gsturge4g@freewebs.com
1162,Garald,Grugerr,ggrugerr4h@earthlink.net
1163,Noellyn,Roubay,nroubay4i@baidu.com
1164,Rozanne,Clail,rclail4j@wikimedia.org
1165,Conrado,Mannock,cmannock4k@youtu.be
1166,Teresina,Penna,tpenna4l@geocities.com
1167,Devon,Rouchy,drouchy4m@bizjournals.com
1168,Daryl,Shakspeare,dshakspeare4n@fema.gov
1169,Gillie,Klaggeman,gklaggeman4o@salon.com
1170,Allyn,Trebbett,atrebbett4p@hibu.com
1171,Kordula,Caswall,kcaswall4q@gizmodo.com
1172,Wilone,Froud,wfroud4r@loc.gov
1173,Florella,Le Port,fleport4s@booking.com
1174,Brose,Kiebes,bkiebes4t@altervista.org
1175,Evonne,Mully,emully4u@prlog.org
1176,Burl,Deverill,bdeverill4v@dailymotion.com
1177,Josephine,Burnand,jburnand4w@ftc.gov
1178,Goldina,Di Ruggiero,gdiruggiero4x@yahoo.co.jp
1179,Fonz,Tumilty,ftumilty4y@lycos.com
1180,Sinclare,Kester,skester4z@nymag.com
1181,Aryn,Suckling,asuckling50@arizona.edu
1182,Stefan,Bengefield,sbengefield51@infoseek.co.jp
1183,Philippe,Gianettini,pgianettini52@blogs.com
1184,Mose,Besant,mbesant53@marriott.com
1185,Ravi,Rattenberie,rrattenberie54@ocn.ne.jp
1186,Kasey,Greatbatch,kgreatbatch55@bloglovin.com
1187,Anders,Alloisi,aalloisi56@hatena.ne.jp
1188,Carrol,Jenkyn,cjenkyn57@wiley.com
1189,Vivyanne,Tumilson,vtumilson58@samsung.com
1190,Editha,Bleckly,ebleckly59@whitehouse.gov
1191,Cirilo,Montel,cmontel5a@cafepress.com
1192,Clayson,Griffen,cgriffen5b@t.co
1193,Carlynn,Roantree,croantree5c@taobao.com
1194,Gilberto,Dunphie,gdunphie5d@facebook.com
1195,Kaye,Marthen,kmarthen5e@purevolume.com
1196,Sarette,Clyburn,sclyburn5f@redcross.org
1197,Tobin,Cloney,tcloney5g@nature.com
1198,Nichols,Di Franceschi,ndifranceschi5h@vimeo.com
1199,Che,Le Friec,clefriec5i@cyberchimps.com
1200,Shaughn,Thurstance,sthurstance5j@about.me
1201,Britta,Millier,bmillier5k@blinklist.com
1202,Baryram,Ballentime,bballentime5l@narod.ru
1203,Marwin,Umpleby,mumpleby5m@nytimes.com
1204,Loretta,Bowgen,lbowgen5n@fda.gov
1205,Orelie,Huntriss,ohuntriss5o@virginia.edu
1206,Ronalda,McKinnon,rmckinnon5p@soup.io
1207,Claudell,Brokenshaw,cbrokenshaw5q@skyrock.com
1208,Marnia,Langford,mlangford5r@youtube.com
1209,Willard,Staveley,wstaveley5s@ihg.com
1210,Whitby,Duffield,wduffield5t@t.co
1211,Nina,Menilove,nmenilove5u@bing.com
1212,Jackie,Woolerton,jwoolerton5v@elpais.com
1213,Marylin,Duckerin,mduckerin5w@mapquest.com
1214,Ryan,Bage,rbage5x@twitter.com
1215,Cloe,Littrik,clittrik5y@dailymail.co.uk
1216,Jonie,Pound,jpound5z@zimbio.com
1217,Eugenio,Stockau,estockau60@multiply.com
1218,Howie,Greenshields,hgreenshields61@networksolutions.com
1219,Ethan,Horsewood,ehorsewood62@reuters.com
1220,Lynnelle,Jerosch,ljerosch63@jugem.jp
1221,Marleen,Bahls,mbahls64@simplemachines.org
1222,Noel,Alentyev,nalentyev65@forbes.com
1223,Celine,Civitillo,ccivitillo66@mozilla.org
1224,Dolly,Vasyutin,dvasyutin67@globo.com
1225,Crissy,Sire,csire68@businesswire.com
1226,Monica,Chin,mchin69@shop-pro.jp
1227,Terrell,Mellmer,tmellmer6a@list-manage.com
1228,Atlanta,Fancett,afancett6b@ebay.com
1229,Hettie,Griffith,hgriffith6c@japanpost.jp
1230,Rustin,Lomasny,rlomasny6d@phpbb.com
1231,Esdras,Allwell,eallwell6e@yahoo.com
1232,Mar,Grimley,mgrimley6f@abc.net.au
1233,Nathalia,Flowith,nflowith6g@msu.edu
1234,Damien,Gilbanks,dgilbanks6h@dion.ne.jp
1235,Lorine,Judd,ljudd6i@xinhuanet.com
1236,Juliane,Critzen,jcritzen6j@imgur.com
1237,Marabel,Tills,mtills6k@wikia.com
1238,Kent,Mackerness,kmackerness6l@ehow.com
1239,Clark,Lys,clys6m@google.com.hk
1240,Danielle,Canape,dcanape6n@ucoz.ru
1241,Heddi,Josiah,hjosiah6o@wp.com
1242,Annora,Surmeir,asurmeir6p@dyndns.org
1243,Ernaline,Tungate,etungate6q@fda.gov
1244,Marrissa,Lanbertoni,mlanbertoni6r@gravatar.com
1245,Enrika,Gilbertson,egilbertson6s@boston.com
1246,Alexina,Vern,avern6t@cdbaby.com
1247,Lek,Hearne,lhearne6u@networksolutions.com
1248,Kingsly,Jenson,kjenson6v@msn.com
1249,Federica,Duiged,fduiged6w@arizona.edu
1250,Addy,Biesty,abiesty6x@nba.com
1251,Juanita,Causley,jcausley6y@columbia.edu
1252,Reg,Bridell,rbridell6z@utexas.edu
1253,Aloisia,Northage,anorthage70@mayoclinic.com
1254,Bobbette,Pasticznyk,bpasticznyk71@symantec.com
1255,Evvie,Pitrollo,epitrollo72@lulu.com
1256,Kalie,Brosi,kbrosi73@51.la
1257,Marya,Quincey,mquincey74@berkeley.edu
1258,Arleta,Tinn,atinn75@networksolutions.com
1259,Tibold,Jiroudek,tjiroudek76@is.gd
1260,Woodman,Grewe,wgrewe77@github.com
1261,Thornie,Davion,tdavion78@accuweather.com
1262,Beulah,Elvin,belvin79@yellowbook.com
1263,Silvester,le Keux,slekeux7a@uol.com.br
1264,Pattin,Verlander,pverlander7b@g.co
1265,Susie,Silber,ssilber7c@360.cn
1266,Kennan,Andryszczak,kandryszczak7d@edublogs.org
1267,Frazier,Trembley,ftrembley7e@i2i.jp
1268,Karlie,Giacobini,kgiacobini7f@yahoo.com
1269,Gasper,Izkovitz,gizkovitz7g@cornell.edu
1270,Cassius,Dussy,cdussy7h@51.la
1271,Vicki,Haxley,vhaxley7i@usatoday.com
1272,Anabelle,Faustin,afaustin7j@1und1.de
1273,Niccolo,Divers,ndivers7k@google.com.br
1274,Lorin,MacNeillie,lmacneillie7l@shutterfly.com
1275,Ingamar,Pfaffe,ipfaffe7m@themeforest.net
1276,Giustino,Nadin,gnadin7n@upenn.edu
1277,Tova,Coltart,tcoltart7o@joomla.org
1278,Isaac,Boscott,iboscott7p@webnode.com
1279,Felita,Reavell,freavell7q@scribd.com
1280,Marjy,Zealey,mzealey7r@flickr.com
1281,Tadio,Summerton,tsummerton7s@elegantthemes.com
1282,Kerianne,Beever,kbeever7t@psu.edu
1283,Tiphani,Maletratt,tmaletratt7u@ask.com
1284,Dawn,Pemble,dpemble7v@nationalgeographic.com
1285,Stephana,Bransdon,sbransdon7w@army.mil
1286,Lilith,Pristnor,lpristnor7x@artisteer.com
1287,Toddy,Viner,tviner7y@bbc.co.uk
1288,Durante,Willford,dwillford7z@apple.com
1289,Darbee,Heningham,dheningham80@ucoz.com
1290,Egor,Whicher,ewhicher81@ihg.com
1291,Nikita,Kingsford,nkingsford82@hp.com
1292,Donielle,Flanigan,dflanigan83@accuweather.com
1293,Kris,Shilleto,kshilleto84@domainmarket.com
1294,Basilio,Bellinger,bbellinger85@umich.edu
1295,Ulrica,Ells,uells86@google.ca
1296,Tammi,Hess,thess87@barnesandnoble.com
1297,Stan,Nuzzetti,snuzzetti88@weibo.com
1298,Riannon,Hamberstone,rhamberstone89@dell.com
1299,Geri,Camm,gcamm8a@ning.com
1300,Carlita,Glayzer,cglayzer8b@princeton.edu
1301,Clarance,Jeary,cjeary8c@uiuc.edu
1302,Dionis,Juza,djuza8d@wordpress.com
1303,Dalt,Godwyn,dgodwyn8e@hibu.com
1304,Gilligan,Arnason,garnason8f@blogtalkradio.com
1305,Ramsay,Linge,rlinge8g@bizjournals.com
1306,Abbie,Relph,arelph8h@clickbank.net
1307,Charin,Pickerill,cpickerill8i@fema.gov
1308,Denis,Nissle,dnissle8j@jigsy.com
1309,Rosemarie,O'dell,rodell8k@youtube.com
1310,Katrine,Rapps,krapps8l@tinyurl.com
1311,Justina,McLoney,jmcloney8m@cpanel.net
1312,Bruno,MacCole,bmaccole8n@vk.com
1313,Gert,Cracknall,gcracknall8o@howstuffworks.com
1314,Merwin,Michel,mmichel8p@tmall.com
1315,Wanids,Blatcher,wblatcher8q@who.int
1316,Budd,McKinney,bmckinney8r@linkedin.com
1317,Leese,Joiris,ljoiris8s@xinhuanet.com
1318,Ingelbert,Blackshaw,iblackshaw8t@ft.com
1319,Oswald,Wyon,owyon8u@archive.org
1320,Adaline,McGirl,amcgirl8v@dagondesign.com
1321,Sascha,Shenton,sshenton8w@wikispaces.com
1322,Braden,Grayling,bgrayling8x@latimes.com
1323,Kalie,Leyrroyd,kleyrroyd8y@ebay.co.uk
1324,Nicoli,Sandwith,nsandwith8z@wikia.com
1325,Zelig,Attwooll,zattwooll90@auda.org.au
1326,Jacques,Auchinleck,jauchinleck91@mtv.com
1327,Lindie,Cunnane,lcunnane92@npr.org
1328,Farica,Edison,fedison93@de.vu
1329,Helena,Newbegin,hnewbegin94@nih.gov
1330,Tab,Wigley,twigley95@wordpress.com
1331,Mead,Hillburn,mhillburn96@amazon.co.jp
1332,Joletta,Peaseman,jpeaseman97@statcounter.com
1333,Ole,Keely,okeely98@telegraph.co.uk
1334,Leta,de Guerre,ldeguerre99@upenn.edu
1335,Carina,Casley,ccasley9a@vinaora.com
1336,Earlie,Derricoat,ederricoat9b@fc2.com
1337,Hugues,Limpricht,hlimpricht9c@zimbio.com
1338,Ivie,Dhillon,idhillon9d@php.net
1339,Ardelle,Agates,aagates9e@blogs.com
1340,Elvera,Stockings,estockings9f@wikimedia.org
1341,Mar,Minchella,mminchella9g@opera.com
1342,Ernesto,Garatty,egaratty9h@about.me
1343,Jermain,Gymblett,jgymblett9i@toplist.cz
1344,Deanna,Hairesnape,dhairesnape9j@cbc.ca
1345,Horatia,Pipet,hpipet9k@seesaa.net
1346,Orella,Jehu,ojehu9l@salon.com
1347,Fancy,McGaughie,fmcgaughie9m@ning.com
1348,Emile,MacGinley,emacginley9n@craigslist.org
1349,Dorolice,Bread,dbread9o@imgur.com
1350,Washington,Kilbourne,wkilbourne9p@omniture.com
1351,Filippa,Jagels,fjagels9q@flickr.com
1352,Leonid,Hendricks,lhendricks9r@gmpg.org
1353,Julianne,Arlott,jarlott9s@amazon.de
1354,Adelice,Sacaze,asacaze9t@chron.com
1355,Alyce,Mead,amead9u@cloudflare.com
1356,Kahaleel,Biaggetti,kbiaggetti9v@wp.com
1357,Cully,Baty,cbaty9w@gravatar.com
1358,Slade,Stearn,sstearn9x@reference.com
1359,Pamela,Dismore,pdismore9y@hud.gov
1360,Joni,Bindon,jbindon9z@deliciousdays.com
1361,Norry,Mill,nmilla0@loc.gov
1362,Darwin,Taplow,dtaplowa1@theguardian.com
1363,Deidre,Barsby,dbarsbya2@nbcnews.com
1364,Kippar,Perrett,kperretta3@geocities.jp
1365,Sherie,Standall,sstandalla4@odnoklassniki.ru
1366,Gwyneth,Glossup,gglossupa5@bandcamp.com
1367,Georgianna,Purseglove,gpurseglovea6@example.com
1368,Madalena,Cowton,mcowtona7@privacy.gov.au
1369,Spence,Orvis,sorvisa8@drupal.org
1370,Kile,Phibb,kphibba9@tripadvisor.com
1371,Clemente,Dubock,cdubockaa@cdc.gov
1372,Zulema,Newbegin,znewbeginab@microsoft.com
1373,Corissa,L'argent,clargentac@devhub.com
1374,Bernardina,Cambell,bcambellad@flickr.com
1375,Ulrick,Bennell,ubennellae@multiply.com
1376,Owen,Rodolfi,orodolfiaf@reuters.com
1377,Dorothee,McAllester,dmcallesterag@ucoz.com
1378,Mercie,Durran,mdurranah@nymag.com
1379,Teddie,Wadmore,twadmoreai@edublogs.org
1380,Fania,Castelli,fcastelliaj@vistaprint.com
1381,Margaretha,Scimonelli,mscimonelliak@constantcontact.com
1382,Lemmie,Toland,ltolandal@mysql.com
1383,Ranice,Archdeckne,rarchdeckneam@yahoo.com
1384,Mendie,Mallebone,mmallebonean@sciencedaily.com
1385,Lydon,Mogridge,lmogridgeao@simplemachines.org
1386,Gardy,Quickfall,gquickfallap@slideshare.net
1387,Sheree,Maben,smabenaq@wikispaces.com
1388,Lombard,Woolatt,lwoolattar@list-manage.com
1389,Darin,Nason,dnasonas@google.com
1390,Nerta,Glading,ngladingat@pcworld.com
1391,Beverlie,Ceyssen,bceyssenau@ebay.co.uk
1392,Vernice,Ivankin,vivankinav@cdbaby.com
1393,Ruddy,McGonigal,rmcgonigalaw@addthis.com
1394,Thea,Plett,tplettax@tmall.com
1395,Carree,Iacomo,ciacomoay@friendfeed.com
1396,Godart,Vase,gvaseaz@uol.com.br
1397,Katleen,Netherwood,knetherwoodb0@gmpg.org
1398,Simona,Andersch,sanderschb1@furl.net
1399,Buckie,Seadon,bseadonb2@si.edu
1400,Catriona,Durston,cdurstonb3@answers.com
1401,Aleta,Piris,apirisb4@symantec.com
1402,Pietra,Burroughes,pburroughesb5@stanford.edu
1403,Nonie,Perl,nperlb6@economist.com
1404,Mariska,McGurgan,mmcgurganb7@godaddy.com
1405,Ikey,Daunay,idaunayb8@w3.org
1406,Leigh,Smitherham,lsmitherhamb9@hugedomains.com
1407,Sherilyn,Drakes,sdrakesba@squarespace.com
1408,Karleen,Fine,kfinebb@nps.gov
1409,Harrietta,Croxford,hcroxfordbc@acquirethisname.com
1410,Hartwell,Durling,hdurlingbd@imdb.com
1411,Sutherlan,Angless,sanglessbe@123-reg.co.uk
1412,Gunter,Mauchline,gmauchlinebf@forbes.com
1413,Heinrik,Vick,hvickbg@jimdo.com
1414,Hamil,Moodie,hmoodiebh@github.com
1415,Lemmie,Woan,lwoanbi@taobao.com
1416,George,Belch,gbelchbj@google.ca
1417,Pammie,Cutchie,pcutchiebk@statcounter.com
1418,Dario,Reardon,dreardonbl@privacy.gov.au
1419,Lucila,Aukland,lauklandbm@businessweek.com
1420,Camellia,Mityashev,cmityashevbn@dedecms.com
1421,Linda,Callery,lcallerybo@reddit.com
1422,Gale,Keep,gkeepbp@hp.com
1423,Aura,Scothern,ascothernbq@discovery.com
1424,Desmund,Rex,drexbr@trellian.com
1425,Alair,Flintoffe,aflintoffebs@ucoz.ru
1426,Merrel,Towe,mtowebt@sina.com.cn
1427,Nora,Dight,ndightbu@clickbank.net
1428,Selle,Keely,skeelybv@dell.com
1429,Kylynn,Coles,kcolesbw@berkeley.edu
1430,Lorens,Merle,lmerlebx@netscape.com
1431,Marni,Sutherington,msutheringtonby@loc.gov
1432,Marylee,Aaronson,maaronsonbz@symantec.com
1433,Abran,Banck,abanckc0@cbsnews.com
1434,Adora,Matyashev,amatyashevc1@google.co.uk
1435,Pennie,Hadwick,phadwickc2@shutterfly.com
1436,Patrica,Gartin,pgartinc3@wufoo.com
1437,Lenna,Appleby,lapplebyc4@example.com
1438,Abe,Ney,aneyc5@domainmarket.com
1439,Teresita,Bosley,tbosleyc6@shareasale.com
1440,Hervey,McCory,hmccoryc7@zimbio.com
1441,Maressa,Waterson,mwatersonc8@nyu.edu
1442,Benito,Buss,bbussc9@sohu.com
1443,Poul,Vosse,pvosseca@unicef.org
1444,Cleon,Perris,cperriscb@opera.com
1445,Ronica,Wardrope,rwardropecc@thetimes.co.uk
1446,Derek,Bullman,dbullmancd@google.co.jp
1447,Arabella,Congreave,acongreavece@google.com.br
1448,Audra,Plaid,aplaidcf@wisc.edu
1449,Reginauld,Broe,rbroecg@theguardian.com
1450,Dacie,Josefovic,djosefovicch@wikipedia.org
1451,Hilarius,Skillicorn,hskillicornci@hostgator.com
1452,Alfons,Wensley,awensleycj@hostgator.com
1453,Sasha,Skentelbery,sskentelberyck@msn.com
1454,Kala,Noquet,knoquetcl@discuz.net
1455,Sheff,Cogman,scogmancm@virginia.edu
1456,Krystle,Vannah,kvannahcn@usgs.gov
1457,Maryann,Benezet,mbenezetco@gmpg.org
1458,Gusta,Colly,gcollycp@barnesandnoble.com
1459,Cindelyn,Baybutt,cbaybuttcq@forbes.com
1460,Fitzgerald,McQuorkel,fmcquorkelcr@surveymonkey.com
1461,Des,Paskerful,dpaskerfulcs@businesswire.com
1462,Astrix,Partlett,apartlettct@baidu.com
1463,Bambie,Heaseman,bheasemancu@washington.edu
1464,Englebert,Cammocke,ecammockecv@skype.com
1465,Gill,Kiehl,gkiehlcw@edublogs.org
1466,Jewel,Smerdon,jsmerdoncx@flickr.com
1467,Mattheus,Honatsch,mhonatschcy@blog.com
1468,Kat,Graal,kgraalcz@wikia.com
1469,Dianemarie,Larkkem,dlarkkemd0@hud.gov
1470,Katha,Haggart,khaggartd1@ask.com
1471,Muriel,Mc Meekin,mmcmeekind2@wp.com
1472,Lyndsey,Bishell,lbishelld3@bloglovin.com
1473,Electra,Heineking,eheinekingd4@w3.org
1474,Clevey,Anfrey,canfreyd5@comcast.net
1475,Sayre,Coweuppe,scoweupped6@berkeley.edu
1476,Ethe,Cockrill,ecockrilld7@posterous.com
1477,Reiko,Tight,rtightd8@1und1.de
1478,Roscoe,Baudouin,rbaudouind9@addtoany.com
1479,Lorrie,Balcon,lbalconda@cargocollective.com
1480,Henry,Romao,hromaodb@meetup.com
1481,Clair,Laming,clamingdc@usda.gov
1482,Bertha,Dennick,bdennickdd@bbb.org
1483,Clary,De Caroli,cdecarolide@w3.org
1484,Joanie,Wale,jwaledf@boston.com
1485,Hoebart,Enbury,henburydg@youtu.be
1486,Rosaline,Britian,rbritiandh@yahoo.com
1487,Donal,Devericks,ddevericksdi@unblog.fr
1488,Nickolai,Winslade,nwinsladedj@weather.com
1489,Yetty,Mosedill,ymosedilldk@newyorker.com
1490,Dina,Springtorp,dspringtorpdl@craigslist.org
1491,Tracy,Chanter,tchanterdm@myspace.com
1492,Lucine,Schimaschke,lschimaschkedn@sohu.com
1493,Griffith,Foister,gfoisterdo@mozilla.org
1494,Fayth,Cluse,fclusedp@yellowbook.com
1495,Kesley,Da Costa,kdacostadq@slashdot.org
1496,Luis,Backshill,lbackshilldr@blinklist.com
1497,Lynn,Doiley,ldoileyds@epa.gov
1498,Robenia,Presley,rpresleydt@reverbnation.com
1499,Witty,Sauven,wsauvendu@sphinn.com
1500,Patin,Chrstine,pchrstinedv@ucoz.com
1501,Leena,Sebyer,lsebyerdw@t-online.de
1502,Christabel,Ferebee,cferebeedx@edublogs.org
1503,Jerrold,Justice,jjusticedy@digg.com
1504,Arabel,Fagan,afagandz@xinhuanet.com
1505,Dorrie,Brignall,dbrignalle0@psu.edu
1506,Binnie,Brain,bbraine1@diigo.com
1507,Gaylene,Michel,gmichele2@ucsd.edu
1508,Pall,Massen,pmassene3@hostgator.com
1509,Bobbie,Grieves,bgrievese4@lycos.com
1510,Aprilette,Bothen,abothene5@cpanel.net
1511,Rosalind,Vescovini,rvescovinie6@blogspot.com
1512,Arda,Westphal,awestphale7@lycos.com
1513,Danielle,Whitwell,dwhitwelle8@icq.com
1514,Joella,Boggas,jboggase9@loc.gov
1515,Jorrie,Birchett,jbirchettea@bloglovin.com
1516,Brnaby,Sleeny,bsleenyeb@angelfire.com
1517,Atlanta,Phinnis,aphinnisec@trellian.com
1518,Tamarra,Gorghetto,tgorghettoed@google.pl
1519,Prudence,Santon,psantonee@reddit.com
1520,Alessandra,Impson,aimpsonef@hao123.com
1521,Annalise,McCandless,amccandlesseg@bluehost.com
1522,Lira,Ferrettini,lferrettinieh@gnu.org
1523,Aleen,Segoe,asegoeei@home.pl
1524,Abba,Arkle,aarkleej@google.pl
1525,Orren,Hucquart,ohucquartek@slate.com
1526,Beatrix,Goodlud,bgoodludel@amazonaws.com
1527,Marshal,Matthew,mmatthewem@delicious.com
1528,Georas,Emeline,gemelineen@w3.org
1529,Linea,Eytel,leyteleo@ft.com
1530,Baillie,Foggo,bfoggoep@soup.io
1531,Upton,Maling,umalingeq@live.com
1532,Madelaine,Twining,mtwininger@cdc.gov
1533,Shepperd,Cowey,scoweyes@twitter.com
1534,Colleen,Besantie,cbesantieet@gizmodo.com
1535,Staffard,Swatten,sswatteneu@is.gd
1536,Elli,Blanchette,eblanchetteev@state.tx.us
1537,Chrystal,Holgan,cholganew@feedburner.com
1538,Otha,Elward,oelwardex@themeforest.net
1539,Jenifer,McCormick,jmccormickey@smh.com.au
1540,Pasquale,Petri,ppetriez@apache.org
1541,Bunny,Paylor,bpaylorf0@google.pl
1542,Kerry,Esland,keslandf1@soup.io
1543,Casandra,Fassam,cfassamf2@loc.gov
1544,Glendon,Dackombe,gdackombef3@harvard.edu
1545,Keelia,Parradine,kparradinef4@godaddy.com
1546,Winfield,Halbeard,whalbeardf5@over-blog.com
1547,Lief,Cortnay,lcortnayf6@dailymotion.com
1548,Casper,Alibone,calibonef7@amazon.de
1549,Merl,Etchell,metchellf8@dmoz.org
1550,Dorie,Sharpley,dsharpleyf9@dion.ne.jp
1551,Lesley,Pochin,lpochinfa@google.it
1552,Kelsy,Humm,khummfb@narod.ru
1553,Billy,Pierpoint,bpierpointfc@ibm.com
1554,Alecia,Broadberry,abroadberryfd@whitehouse.gov
1555,Adrienne,Lilly,alillyfe@uol.com.br
1556,Hieronymus,Tedstone,htedstoneff@printfriendly.com
1557,Laurie,Larrie,llarriefg@networksolutions.com
1558,Derrik,Beric,dbericfh@cafepress.com
1559,Jsandye,Cockerton,jcockertonfi@sciencedaily.com
1560,Eal,Ginman,eginmanfj@google.ru
1561,Ricki,Aistrop,raistropfk@ibm.com
1562,Zaccaria,Quare,zquarefl@gizmodo.com
1563,Clemence,Vivers,cviversfm@mozilla.org
1564,Kirstin,Casterou,kcasteroufn@apache.org
1565,Darnell,Awcoate,dawcoatefo@icq.com
1566,Caryl,Brockbank,cbrockbankfp@cocolog-nifty.com
1567,Annmarie,Rotherforth,arotherforthfq@howstuffworks.com
1568,Sidney,Howse,showsefr@over-blog.com
1569,Basil,McGrey,bmcgreyfs@princeton.edu
1570,Leif,Pryde,lprydeft@chicagotribune.com
1571,Augustine,Clues,acluesfu@netvibes.com
1572,Daven,Corp,dcorpfv@google.ca
1573,Kris,Scripps,kscrippsfw@toplist.cz
1574,Britteny,Malter,bmalterfx@ameblo.jp
1575,Arlen,Blasli,ablaslify@mail.ru
1576,Larissa,McAdam,lmcadamfz@canalblog.com
1577,Dyann,Normanvill,dnormanvillg0@salon.com
1578,Antoine,Hovie,ahovieg1@jigsy.com
1579,Chrisy,Lissenden,clissendeng2@guardian.co.uk
1580,Nikki,Jeffryes,njeffryesg3@ibm.com
1581,Andonis,McGiven,amcgiveng4@yale.edu
1582,Dominick,Stowe,dstoweg5@yellowbook.com
1583,Dalt,Annion,danniong6@google.nl
1584,Dana,Jolliff,djolliffg7@marketwatch.com
1585,Garvey,Kirkby,gkirkbyg8@kickstarter.com
1586,Lynnell,Dell'Abbate,ldellabbateg9@360.cn
1587,Jimmy,Lowe,jlowega@ucoz.com
1588,Ernesto,Mantrup,emantrupgb@squidoo.com
1589,Manfred,Lippini,mlippinigc@usnews.com
1590,Tisha,Ewbanks,tewbanksgd@goo.gl
1591,Alberik,Keelan,akeelange@google.com.hk
1592,Ricoriki,Garrique,rgarriquegf@bbb.org
1593,Malachi,Kures,mkuresgg@wordpress.com
1594,Gussy,Rowly,growlygh@sohu.com
1595,Stevie,Crummay,scrummaygi@google.co.jp
1596,Trudy,Rudolfer,trudolfergj@tinyurl.com
1597,Glen,McGillicuddy,gmcgillicuddygk@qq.com
1598,Myrlene,Pursehouse,mpursehousegl@tinyurl.com
1599,Nappie,Postians,npostiansgm@pagesperso-orange.fr
1600,Lindon,Pym,lpymgn@ustream.tv
1601,Sheela,Rings,sringsgo@technorati.com
1602,Venus,Guerreiro,vguerreirogp@simplemachines.org
1603,Garwood,Richings,grichingsgq@vk.com
1604,Mame,Southall,msouthallgr@apache.org
1605,Jeramey,Mattussevich,jmattussevichgs@google.co.jp
1606,Christoffer,Gandy,cgandygt@un.org
1607,Paola,Feehily,pfeehilygu@cyberchimps.com
1608,Kelly,Oldcroft,koldcroftgv@tumblr.com
1609,Fritz,Picott,fpicottgw@vinaora.com
1610,Caria,Balaam,cbalaamgx@dailymotion.com
1611,Allsun,Eakeley,aeakeleygy@jimdo.com
1612,Suki,Billyard,sbillyardgz@issuu.com
1613,Emmit,Yoakley,eyoakleyh0@ebay.co.uk
1614,Abbe,Powling,apowlingh1@dagondesign.com
1615,Donelle,Worton,dwortonh2@theglobeandmail.com
1616,Sherie,Yesichev,syesichevh3@tuttocitta.it
1617,Gerek,Grigoriev,ggrigorievh4@shareasale.com
1618,Sarine,Winridge,swinridgeh5@europa.eu
1619,Marisa,Hebbes,mhebbesh6@springer.com
1620,Retha,Skpsey,rskpseyh7@creativecommons.org
1621,Hettie,McTerrelly,hmcterrellyh8@adobe.com
1622,Klemens,Bennike,kbennikeh9@washingtonpost.com
1623,Jaquith,Masham,jmashamha@dropbox.com
1624,Annabelle,Spittall,aspittallhb@vk.com
1625,Anneliese,Goodsir,agoodsirhc@ca.gov
1626,Barnabas,Snoxill,bsnoxillhd@cloudflare.com
1627,Timi,Gladdis,tgladdishe@eepurl.com
1628,Georgette,Ucchino,gucchinohf@ted.com
1629,Alejandrina,Shallow,ashallowhg@un.org
1630,Bernard,Daintrey,bdaintreyhh@omniture.com
1631,Domini,Schimann,dschimannhi@wikispaces.com
1632,Konrad,Shankland,kshanklandhj@dailymail.co.uk
1633,Cchaddie,Nurdin,cnurdinhk@people.com.cn
1634,Eleonore,McKeurtan,emckeurtanhl@answers.com
1635,Glenna,Wimp,gwimphm@tripadvisor.com
1636,Guilbert,Roizn,groiznhn@amazon.com
1637,Rory,Crossan,rcrossanho@msn.com
1638,Ronnie,Phateplace,rphateplacehp@furl.net
1639,Hastings,Bramsom,hbramsomhq@g.co
1640,Oralla,Colleer,ocolleerhr@unesco.org
1641,Trixy,Chrismas,tchrismashs@creativecommons.org
1642,Susana,Neiland,sneilandht@symantec.com
1643,Anthia,Leonardi,aleonardihu@symantec.com
1644,Buckie,Rego,bregohv@tamu.edu
1645,Lee,Bails,lbailshw@dion.ne.jp
1646,Consuela,Grimsditch,cgrimsditchhx@msn.com
1647,Kessiah,Robelow,krobelowhy@sbwire.com
1648,Jillie,Curton,jcurtonhz@de.vu
1649,Hazlett,Picopp,hpicoppi0@thetimes.co.uk
1650,Ferdie,Widdowson,fwiddowsoni1@ocn.ne.jp
1651,Gwendolyn,Quincey,gquinceyi2@businessweek.com
1652,Fran,Kiehnlt,fkiehnlti3@weibo.com
1653,Edithe,Bernhard,ebernhardi4@tinyurl.com
1654,Talbot,de Guerre,tdeguerrei5@boston.com
1655,Rayshell,Sowle,rsowlei6@xrea.com
1656,Anna-diane,Behrendsen,abehrendseni7@kickstarter.com
1657,Janina,Strut,jstruti8@acquirethisname.com
1658,Andria,Durham,adurhami9@alibaba.com
1659,Bobbie,Caudrelier,bcaudrelieria@businesswire.com
1660,Lovell,Floris,lflorisib@flickr.com
1661,Susan,Teaz,steazic@bigcartel.com
1662,Diandra,Addie,daddieid@nasa.gov
1663,Tadd,Wedon,twedonie@flavors.me
1664,Kerwinn,Shilito,kshilitoif@craigslist.org
1665,Marlo,Fairhurst,mfairhurstig@guardian.co.uk
1666,Pietra,Leaman,pleamanih@i2i.jp
1667,Chelsy,Berndt,cberndtii@narod.ru
1668,Angie,Havercroft,ahavercroftij@gov.uk
1669,Ronnie,Jorczyk,rjorczykik@bandcamp.com
1670,Iggy,Pauluzzi,ipauluzziil@uol.com.br
1671,Elie,Gauche,egaucheim@uol.com.br
1672,Mufinella,Dewitt,mdewittin@earthlink.net
1673,Kenyon,Wyche,kwycheio@nytimes.com
1674,Bendite,Durning,bdurningip@blogspot.com
1675,Siouxie,Schwerin,sschweriniq@chronoengine.com
1676,Sheilah,O'Crevan,socrevanir@home.pl
1677,Pernell,Hanvey,phanveyis@ustream.tv
1678,Mirna,Hrycek,mhrycekit@reddit.com
1679,Marillin,Rainey,mraineyiu@homestead.com
1680,Carolan,Coldbathe,ccoldbatheiv@reverbnation.com
1681,Riane,Ffoulkes,rffoulkesiw@opera.com
1682,Tiebold,Tace,ttaceix@privacy.gov.au
1683,Pincus,Faux,pfauxiy@skyrock.com
1684,Ransell,Beverley,rbeverleyiz@yolasite.com
1685,Ollie,Whife,owhifej0@bravesites.com
1686,Noella,Climer,nclimerj1@mac.com
1687,Boigie,Shillam,bshillamj2@gravatar.com
1688,Loretta,Kilbride,lkilbridej3@utexas.edu
1689,Tani,Osgodby,tosgodbyj4@usda.gov
1690,Stavro,Piken,spikenj5@thetimes.co.uk
1691,Thia,Wordington,twordingtonj6@blogger.com
1692,Mandel,de Amaya,mdeamayaj7@over-blog.com
1693,Ginevra,Barford,gbarfordj8@constantcontact.com
1694,Valerie,Hulbert,vhulbertj9@indiatimes.com
1695,Corey,Humpage,chumpageja@about.com
1696,Rosabel,Allewell,rallewelljb@cisco.com
1697,Lindsay,Tight,ltightjc@pbs.org
1698,Gordie,Dunnico,gdunnicojd@blogspot.com
1699,Klaus,Tuft,ktuftje@symantec.com
1700,Addia,Leathart,aleathartjf@ihg.com
1701,Kale,Matterface,kmatterfacejg@nydailynews.com
1702,Dore,De Andisie,ddeandisiejh@baidu.com
1703,Piotr,Jardine,pjardineji@sina.com.cn
1704,Osborne,Bletsor,obletsorjj@redcross.org
1705,Shepperd,Fattore,sfattorejk@hp.com
1706,Luigi,Runchman,lrunchmanjl@delicious.com
1707,Prudi,McKinnell,pmckinnelljm@guardian.co.uk
1708,Bennie,Cast,bcastjn@google.ca
1709,Katerina,Le Claire,kleclairejo@wikia.com
1710,Portie,Ovell,povelljp@bandcamp.com
1711,Paco,Arkil,parkiljq@ca.gov
1712,Erhard,Lilian,elilianjr@smugmug.com
1713,Melissa,Rasmus,mrasmusjs@huffingtonpost.com
1714,Peder,O'Ruane,poruanejt@macromedia.com
1715,Janith,Polo,jpoloju@histats.com
1716,Ludovika,Garces,lgarcesjv@fotki.com
1717,Dorise,Fried,dfriedjw@blinklist.com
1718,Kip,Inmett,kinmettjx@reddit.com
1719,Hamid,Fortnam,hfortnamjy@nbcnews.com
1720,Callida,Overil,coveriljz@sphinn.com
1721,Orton,Coaster,ocoasterk0@surveymonkey.com
1722,Mair,Gornall,mgornallk1@sun.com
1723,Eloise,Halliwell,ehalliwellk2@addtoany.com
1724,Rani,Peplay,rpeplayk3@php.net
1725,Latashia,Jarley,ljarleyk4@ezinearticles.com
1726,Dell,Maass,dmaassk5@wunderground.com
1727,Fionnula,Kershaw,fkershawk6@who.int
1728,Rafferty,Truwert,rtruwertk7@hibu.com
1729,Emmit,Mountford,emountfordk8@xrea.com
1730,Starla,Whatford,swhatfordk9@storify.com
1731,Millard,Gabbidon,mgabbidonka@noaa.gov
1732,Jonell,Pontin,jpontinkb@miibeian.gov.cn
1733,Townie,Styles,tstyleskc@newyorker.com
1734,Care,Bennison,cbennisonkd@weather.com
1735,Skell,Colleford,scollefordke@github.com
1736,Orran,Kiera,okierakf@theglobeandmail.com
1737,Sibylle,Revell,srevellkg@shareasale.com
1738,Audrie,Flecknoe,aflecknoekh@harvard.edu
1739,Kerrie,Melbert,kmelbertki@mac.com
1740,Ric,McRitchie,rmcritchiekj@sina.com.cn
1741,Kirsten,Addington,kaddingtonkk@xing.com
1742,Terrell,Philippet,tphilippetkl@weibo.com
1743,Lucille,Brounfield,lbrounfieldkm@pinterest.com
1744,Hunfredo,Flounders,hflounderskn@utexas.edu
1745,Linette,Ruddlesden,lruddlesdenko@pinterest.com
1746,Howie,Proffer,hprofferkp@blogger.com
1747,Miles,Clendennen,mclendennenkq@wix.com
1748,Herve,Rosborough,hrosboroughkr@homestead.com
1749,Ambrosio,Goldhawk,agoldhawkks@addtoany.com
1750,Delaney,Trengrove,dtrengrovekt@wsj.com
1751,Northrup,Klempke,nklempkeku@free.fr
1752,Elinore,Bosley,ebosleykv@adobe.com
1753,Ethelda,Passler,epasslerkw@de.vu
1754,Robenia,Kimbell,rkimbellkx@about.me
1755,Aileen,Fleote,afleoteky@topsy.com
1756,Vevay,Bumpas,vbumpaskz@soundcloud.com
1757,Abigale,Kezar,akezarl0@unblog.fr
1758,Fanechka,Genn,fgennl1@php.net
1759,Trix,Emig,temigl2@elpais.com
1760,Audy,Agerskow,aagerskowl3@surveymonkey.com
1761,Iona,Gerish,igerishl4@newsvine.com
1762,Minni,Zanazzi,mzanazzil5@chronoengine.com
1763,Adler,Toderini,atoderinil6@netlog.com
1764,Maire,Harring,mharringl7@uiuc.edu
1765,Candi,Mayor,cmayorl8@twitpic.com
1766,Itch,Elcom,ielcoml9@nydailynews.com
1767,Carolin,Iskower,ciskowerla@trellian.com
1768,Will,Yaus,wyauslb@gizmodo.com
1769,Bibbye,Eatock,beatocklc@bloglines.com
1770,Deny,Olivier,dolivierld@over-blog.com
1771,Shelley,Worsom,sworsomle@forbes.com
1772,Colan,Caw,ccawlf@wikimedia.org
1773,Alejandro,Phillipp,aphillipplg@microsoft.com
1774,Marnia,Fleg,mfleglh@ifeng.com
1775,Gearard,Decayette,gdecayetteli@hud.gov
1776,Matilda,Fremantle,mfremantlelj@simplemachines.org
1777,Jacqueline,Esom,jesomlk@mail.ru
1778,Benji,MacKeever,bmackeeverll@webeden.co.uk
1779,Claudell,Gronauer,cgronauerlm@miibeian.gov.cn
1780,Casey,Hargreave,chargreaveln@jimdo.com
1781,Mickey,Torrese,mtorreselo@xing.com
1782,Lothaire,Withull,lwithulllp@amazonaws.com
1783,Brandy,McElree,bmcelreelq@webs.com
1784,Winni,Tithecott,wtithecottlr@1688.com
1785,Ichabod,Crampin,icrampinls@vkontakte.ru
1786,Christoforo,McClean,cmccleanlt@hao123.com
1787,Blanca,Lidgertwood,blidgertwoodlu@tmall.com
1788,Bary,Holsey,bholseylv@vinaora.com
1789,Carlos,Nicholson,cnicholsonlw@t-online.de
1790,Patti,Janca,pjancalx@cdc.gov
1791,Michele,Tonkin,mtonkinly@ted.com
1792,Menard,Foord,mfoordlz@aboutads.info
1793,Ginger,Leile,gleilem0@engadget.com
1794,Johann,Warde,jwardem1@arstechnica.com
1795,Ernie,Kynge,ekyngem2@amazon.de
1796,Durante,Donahue,ddonahuem3@skype.com
1797,Florrie,Guion,fguionm4@usa.gov
1798,Tyson,Mordecai,tmordecaim5@ehow.com
1799,Waring,Cartmel,wcartmelm6@com.com
1800,Kelli,Byers,kbyersm7@example.com
1801,Magda,Philipson,mphilipsonm8@shareasale.com
1802,Vitoria,Branscombe,vbranscombem9@yellowpages.com
1803,Harriot,Neicho,hneichoma@printfriendly.com
1804,Blinnie,Dufaire,bdufairemb@addtoany.com
1805,Angel,McGennis,amcgennismc@gnu.org
1806,Andre,Wilde,awildemd@meetup.com
1807,Felicia,Binnall,fbinnallme@wsj.com
1808,Caz,Truesdale,ctruesdalemf@quantcast.com
1809,Rosalinde,Risely,rriselymg@yandex.ru
1810,Ralf,Blampey,rblampeymh@cafepress.com
1811,Madelina,Deuss,mdeussmi@msn.com
1812,Jessalin,Orrocks,jorrocksmj@cnn.com
1813,Sheryl,Ramsdale,sramsdalemk@istockphoto.com
1814,Johnnie,Froud,jfroudml@ft.com
1815,Puff,Coule,pcoulemm@slashdot.org
1816,Linnea,Holleran,lholleranmn@indiegogo.com
1817,Linea,Jeske,ljeskemo@seattletimes.com
1818,Ursola,Garnall,ugarnallmp@jigsy.com
1819,Yelena,Kellie,ykelliemq@blogtalkradio.com
1820,Buddy,Bendixen,bbendixenmr@deliciousdays.com
1821,Rodie,Bortoletti,rbortolettims@pen.io
1822,Johny,Jansema,jjansemamt@furl.net
1823,Gerty,Petrashkov,gpetrashkovmu@sitemeter.com
1824,Ive,Hale,ihalemv@ebay.co.uk
1825,Guendolen,Eskrigge,geskriggemw@printfriendly.com
1826,Valencia,Chiddy,vchiddymx@imgur.com
1827,Shalna,Miko,smikomy@slate.com
1828,Hermione,Burgan,hburganmz@patch.com
1829,Larisa,Searl,lsearln0@mediafire.com
1830,Adriena,Dugmore,adugmoren1@parallels.com
1831,Amory,Elward,aelwardn2@reference.com
1832,Rowena,Hallatt,rhallattn3@tripod.com
1833,Amargo,Pears,apearsn4@domainmarket.com
1834,Lorrayne,Please,lpleasen5@free.fr
1835,Derwin,Roland,drolandn6@bluehost.com
1836,Innis,Dean,ideann7@netlog.com
1837,Kaine,Mullin,kmullinn8@vkontakte.ru
1838,Dwayne,Dicke,ddicken9@loc.gov
1839,Coriss,Wooddisse,cwooddissena@vk.com
1840,Joachim,Cheng,jchengnb@amazonaws.com
1841,Jocko,Dumberell,jdumberellnc@amazon.com
1842,Monty,Perrat,mperratnd@bloomberg.com
1843,Leonidas,Filip,lfilipne@miibeian.gov.cn
1844,Bobine,Calam,bcalamnf@ibm.com
1845,Goldy,Sand,gsandng@tinypic.com
1846,Madelina,Southerell,msoutherellnh@loc.gov
1847,Case,Paragreen,cparagreenni@bluehost.com
1848,Nanci,Libermore,nlibermorenj@toplist.cz
1849,Boris,Gove,bgovenk@china.com.cn
1850,Mackenzie,Kamien,mkamiennl@mac.com
1851,Gerick,Sandercock,gsandercocknm@loc.gov
1852,Reggie,Barlie,rbarlienn@sourceforge.net
1853,Lonnard,Pobjay,lpobjayno@economist.com
1854,Vonnie,Billitteri,vbillitterinp@edublogs.org
1855,Phylis,Crinage,pcrinagenq@ehow.com
1856,Aluin,Erni,aerninr@marketwatch.com
1857,Jed,Temprell,jtemprellns@usatoday.com
1858,Vanni,Beetham,vbeethamnt@pcworld.com
1859,Pamela,Boutton,pbouttonnu@cnn.com
1860,Brod,Risebarer,brisebarernv@blog.com
1861,Samuele,Robardey,srobardeynw@guardian.co.uk
1862,Panchito,Devenny,pdevennynx@bravesites.com
1863,Law,Thoumas,lthoumasny@stanford.edu
1864,Georgine,Bladon,gbladonnz@guardian.co.uk
1865,Deanna,Vedyaev,dvedyaevo0@bloomberg.com
1866,Chrysa,Purvess,cpurvesso1@addtoany.com
1867,Olenka,Balogun,obaloguno2@biblegateway.com
1868,Pavlov,Oblein,pobleino3@yahoo.co.jp
1869,Gris,Najera,gnajerao4@qq.com
1870,Constance,Elcum,celcumo5@va.gov
1871,Carmel,Harbin,charbino6@histats.com
1872,Vassily,Coombes,vcoombeso7@goodreads.com
1873,Lindsay,Chettoe,lchettoeo8@friendfeed.com
1874,Leonie,Helsby,lhelsbyo9@google.es
1875,Tamiko,Hollerin,thollerinoa@shinystat.com
1876,Rossy,Hobden,rhobdenob@diigo.com
1877,Tobe,Trayhorn,ttrayhornoc@china.com.cn
1878,Leeann,Brignall,lbrignallod@topsy.com
1879,Ravid,Macari,rmacarioe@apple.com
1880,Sherri,Filov,sfilovof@pcworld.com
1881,Myranda,Archbald,marchbaldog@prlog.org
1882,Caitlin,Wisniewski,cwisniewskioh@europa.eu
1883,Zachariah,Daniello,zdaniellooi@accuweather.com
1884,Doug,Finlan,dfinlanoj@diigo.com
1885,Stanwood,Barkhouse,sbarkhouseok@statcounter.com
1886,Tarra,Farnie,tfarnieol@wikispaces.com
1887,Elia,Roach,eroachom@army.mil
1888,Carmel,Chancelier,cchancelieron@engadget.com
1889,Fianna,Evitt,fevittoo@pinterest.com
1890,Merrile,Heam,mheamop@ask.com
1891,Ben,Spadoni,bspadonioq@comcast.net
1892,Jesselyn,Gout,jgoutor@hugedomains.com
1893,Cordelie,Mc Corley,cmccorleyos@reuters.com
1894,Marijo,Bodycomb,mbodycombot@dagondesign.com
1895,Randene,Aloshechkin,raloshechkinou@taobao.com
1896,Orion,Aldgate,oaldgateov@delicious.com
1897,Johann,Shugg,jshuggow@dion.ne.jp
1898,Papageno,Wurz,pwurzox@booking.com
1899,Ebba,Baumann,ebaumannoy@go.com
1900,Erastus,Yakovlev,eyakovlevoz@mac.com
1901,Arly,Wellington,awellingtonp0@usa.gov
1902,Beniamino,Gregersen,bgregersenp1@weebly.com
1903,Biddie,Swales,bswalesp2@liveinternet.ru
1904,Kylie,Chace,kchacep3@list-manage.com
1905,Minnnie,Jaegar,mjaegarp4@amazon.co.jp
1906,Nathalia,Motherwell,nmotherwellp5@people.com.cn
1907,Lucas,Singh,lsinghp6@icq.com
1908,Giuseppe,Rigolle,grigollep7@is.gd
1909,Aron,Olding,aoldingp8@1688.com
1910,Ola,Abramof,oabramofp9@reuters.com
1911,Dulcea,Frangello,dfrangellopa@ucsd.edu
1912,Danica,Weddell,dweddellpb@amazonaws.com
1913,Giulia,Chatburn,gchatburnpc@instagram.com
1914,Paulie,Josiah,pjosiahpd@npr.org
1915,Karina,Blackbourn,kblackbournpe@tinyurl.com
1916,Gerhardt,Scholfield,gscholfieldpf@symantec.com
1917,Lorinda,Shakelade,lshakeladepg@webnode.com
1918,Adrea,Scheffler,aschefflerph@bloglovin.com
1919,Reuven,Lundbech,rlundbechpi@furl.net
1920,Vivie,Waddams,vwaddamspj@google.com
1921,Bentley,Piola,bpiolapk@amazon.com
1922,Valli,DelaField,vdelafieldpl@unc.edu
1923,Deanna,O'Neill,doneillpm@youtu.be
1924,Dur,Gillett,dgillettpn@t.co
1925,Corabella,Arthur,carthurpo@ycombinator.com
1926,Dara,Girardot,dgirardotpp@cmu.edu
1927,Darbie,Borton,dbortonpq@oakley.com
1928,Sherwynd,Sarjent,ssarjentpr@storify.com
1929,Agathe,McGillicuddy,amcgillicuddyps@sohu.com
1930,Federica,Longhirst,flonghirstpt@skyrock.com
1931,Ashlen,Otto,aottopu@mashable.com
1932,Doroteya,Pietsma,dpietsmapv@yahoo.com
1933,Abran,Harmant,aharmantpw@samsung.com
1934,Shirline,Hallick,shallickpx@eventbrite.com
1935,Arlyne,Edwins,aedwinspy@flavors.me
1936,Cate,Grzesiewicz,cgrzesiewiczpz@live.com
1937,Anatole,Fodden,afoddenq0@cisco.com
1938,Gonzales,Gapper,ggapperq1@youtu.be
1939,Raymond,Truitt,rtruittq2@istockphoto.com
1940,Shanon,Gartery,sgarteryq3@nature.com
1941,Humfrey,Gleadhell,hgleadhellq4@behance.net
1942,Sergio,Fantin,sfantinq5@ihg.com
1943,Orville,Sainsberry,osainsberryq6@people.com.cn
1944,Laney,Swatten,lswattenq7@disqus.com
1945,Lowell,Shoemark,lshoemarkq8@diigo.com
1946,Carlin,Binnell,cbinnellq9@sina.com.cn
1947,Brandi,Bruhke,bbruhkeqa@psu.edu
1948,Brenna,Brewin,bbrewinqb@naver.com
1949,Farlay,Casbourne,fcasbourneqc@kickstarter.com
1950,Dyane,Schwandermann,dschwandermannqd@lycos.com
1951,Courtnay,Wincer,cwincerqe@zdnet.com
1952,Coral,Sonschein,csonscheinqf@discovery.com
1953,Othello,Tomkowicz,otomkowiczqg@acquirethisname.com
1954,Jesselyn,Castro,jcastroqh@ihg.com
1955,Barr,Allington,ballingtonqi@netlog.com
1956,Clem,Sawtell,csawtellqj@blogs.com
1957,Florella,Tregaskis,ftregaskisqk@flavors.me
1958,Amandie,Urlich,aurlichql@globo.com
1959,Tammie,Brann,tbrannqm@wisc.edu
1960,Alvinia,Theis,atheisqn@163.com
1961,Forest,Reedshaw,freedshawqo@phpbb.com
1962,Tamar,Bearward,tbearwardqp@cam.ac.uk
1963,Dennis,Grisewood,dgrisewoodqq@hubpages.com
1964,Chaim,Woodroffe,cwoodroffeqr@nasa.gov
1965,Ema,Gallahar,egallaharqs@mapquest.com
1966,Antoinette,Filer,afilerqt@ucoz.ru
1967,Virginia,Padell,vpadellqu@taobao.com
1968,Jarrad,Infantino,jinfantinoqv@taobao.com
1969,Des,Huegett,dhuegettqw@furl.net
1970,Jake,Baden,jbadenqx@hostgator.com
1971,Tabb,Otley,totleyqy@uol.com.br
1972,Coleman,Patrono,cpatronoqz@comcast.net
1973,Clementia,Pinock,cpinockr0@unc.edu
1974,Anthiathia,Hinkins,ahinkinsr1@washington.edu
1975,Kippar,Smalman,ksmalmanr2@wikispaces.com
1976,Earl,Cluckie,ecluckier3@goo.gl
1977,Selina,Steinhammer,ssteinhammerr4@posterous.com
1978,Liv,Drescher,ldrescherr5@blogspot.com
1979,Caroljean,Landells,clandellsr6@desdev.cn
1980,Vernon,English,venglishr7@xrea.com
1981,Goldina,Aizkovitch,gaizkovitchr8@fema.gov
1982,Carver,Hume,chumer9@webeden.co.uk
1983,Maurine,Fear,mfearra@symantec.com
1984,Lorelei,Ohanessian,lohanessianrb@theglobeandmail.com
1985,Blinni,Taaffe,btaafferc@howstuffworks.com
1986,Odessa,Jacobssen,ojacobssenrd@sbwire.com
1987,Denyse,Alsop,dalsopre@gnu.org
1988,Jim,Covotti,jcovottirf@psu.edu
1989,Tibold,Robak,trobakrg@wordpress.org
1990,Egon,Bamlett,ebamlettrh@123-reg.co.uk
1991,Bastian,Debold,bdeboldri@businessweek.com
1992,Rainer,Gouldeby,rgouldebyrj@hatena.ne.jp
1993,Gert,Hoyt,ghoytrk@deviantart.com
1994,Cecilia,Cawston,ccawstonrl@amazon.co.jp
1995,Kaia,Eaves,keavesrm@si.edu
1996,Bev,Pina,bpinarn@prweb.com
1997,Marnie,Minney,mminneyro@icq.com
1998,Myer,Wensley,mwensleyrp@a8.net
1999,Ignace,Gosforth,igosforthrq@dropbox.com
2000,Ronnie,Carlill,rcarlillrr@sciencedaily.com